-- MariaDB dump 10.19  Distrib 10.5.22-MariaDB, for Linux (x86_64)
--
-- Host: localhost    Database: helpdesk4
-- ------------------------------------------------------
-- Server version	10.5.22-MariaDB

/*!40101 SET @OLD_CHARACTER_SET_CLIENT=@@CHARACTER_SET_CLIENT */;
/*!40101 SET @OLD_CHARACTER_SET_RESULTS=@@CHARACTER_SET_RESULTS */;
/*!40101 SET @OLD_COLLATION_CONNECTION=@@COLLATION_CONNECTION */;
/*!40101 SET NAMES utf8mb4 */;
/*!40103 SET @OLD_TIME_ZONE=@@TIME_ZONE */;
/*!40103 SET TIME_ZONE='+00:00' */;
/*!40014 SET @OLD_UNIQUE_CHECKS=@@UNIQUE_CHECKS, UNIQUE_CHECKS=0 */;
/*!40014 SET @OLD_FOREIGN_KEY_CHECKS=@@FOREIGN_KEY_CHECKS, FOREIGN_KEY_CHECKS=0 */;
/*!40101 SET @OLD_SQL_MODE=@@SQL_MODE, SQL_MODE='NO_AUTO_VALUE_ON_ZERO' */;
/*!40111 SET @OLD_SQL_NOTES=@@SQL_NOTES, SQL_NOTES=0 */;

--
-- Table structure for table `Groups`
--

DROP TABLE IF EXISTS `Groups`;
/*!40101 SET @saved_cs_client     = @@character_set_client */;
/*!40101 SET character_set_client = utf8 */;
CREATE TABLE `Groups` (
  `id` int(11) NOT NULL AUTO_INCREMENT,
  `name` varchar(255) NOT NULL,
  PRIMARY KEY (`id`)
) ENGINE=InnoDB AUTO_INCREMENT=4 DEFAULT CHARSET=utf8mb4 COLLATE=utf8mb4_general_ci;
/*!40101 SET character_set_client = @saved_cs_client */;

--
-- Dumping data for table `Groups`
--

LOCK TABLES `Groups` WRITE;
/*!40000 ALTER TABLE `Groups` DISABLE KEYS */;
INSERT INTO `Groups` VALUES (1,'micro-informatica'),(2,'macro-informatica'),(3,'Super_admin');
/*!40000 ALTER TABLE `Groups` ENABLE KEYS */;
UNLOCK TABLES;

--
-- Table structure for table `Topics`
--

DROP TABLE IF EXISTS `Topics`;
/*!40101 SET @saved_cs_client     = @@character_set_client */;
/*!40101 SET character_set_client = utf8 */;
CREATE TABLE `Topics` (
  `id` int(11) NOT NULL AUTO_INCREMENT,
  `key_word` text DEFAULT NULL,
  `group_id` int(11) DEFAULT NULL,
  PRIMARY KEY (`id`),
  KEY `fk_topics_group_id` (`group_id`),
  CONSTRAINT `fk_topics_group_id` FOREIGN KEY (`group_id`) REFERENCES `Groups` (`id`)
) ENGINE=InnoDB AUTO_INCREMENT=52 DEFAULT CHARSET=utf8mb4 COLLATE=utf8mb4_general_ci;
/*!40101 SET character_set_client = @saved_cs_client */;

--
-- Dumping data for table `Topics`
--

LOCK TABLES `Topics` WRITE;
/*!40000 ALTER TABLE `Topics` DISABLE KEYS */;
INSERT INTO `Topics` VALUES (1,'password',1),(2,'Geral',1),(3,'certificados',2),(4,'Criar conta EDU',1),(5,'Reset MFA EDU',1),(6,'Reset password EDU',1),(7,'Adicionar MACaddress a controladora',1),(9,'Reconfiguração portas switch',2),(10,'Dados aluno',1),(11,'Criar novo utilizador',1),(12,'Autenticação MFA',1),(13,'Criar grupo de distribuição',1),(14,'Licença 0365',1),(15,'Partilhas na rede',1),(16,'Apoio ao Utilizador',1),(25,'Atribuicao de computadores',1),(26,'Apoio a websites EDU',1),(27,'Pedido de Equipamento',1),(28,'Pedido de SUP individual',1),(29,'Pedido de Swicth - avaria',2),(30,'Pedido de Switch - configuração',2),(31,'Pedido de VPN ',2),(32,'Preparaçao de local para evento ',1),(33,'Alteração de Redes ',2),(34,'Pedido de parecer',1),(35,'Incidente de segurança',2),(45,'Configuração/problema de rede EDU',2),(46,'Pedido de parecer EDU',1),(47,'Configuração APs EDU',2),(48,'Manuais digitais',1),(49,'Pedido de VPN - FSE ',1),(50,'Reposição de Tablet',1),(51,'Registo de Tablet',1);
/*!40000 ALTER TABLE `Topics` ENABLE KEYS */;
UNLOCK TABLES;

--
-- Table structure for table `messages`
--

DROP TABLE IF EXISTS `messages`;
/*!40101 SET @saved_cs_client     = @@character_set_client */;
/*!40101 SET character_set_client = utf8 */;
CREATE TABLE `messages` (
  `id` int(11) NOT NULL AUTO_INCREMENT,
  `ticket_id` int(11) DEFAULT NULL,
  `message` text DEFAULT NULL,
  `sender_type` enum('user','admin') DEFAULT NULL,
  `sent_at` timestamp NULL DEFAULT current_timestamp(),
  `sender_name` varchar(255) DEFAULT NULL,
  PRIMARY KEY (`id`),
  KEY `ticket_id` (`ticket_id`),
  CONSTRAINT `messages_ibfk_1` FOREIGN KEY (`ticket_id`) REFERENCES `tickets` (`id`)
) ENGINE=InnoDB AUTO_INCREMENT=3474 DEFAULT CHARSET=utf8mb4 COLLATE=utf8mb4_general_ci;
/*!40101 SET character_set_client = @saved_cs_client */;

--
-- Dumping data for table `messages`
--

LOCK TABLES `messages` WRITE;
/*!40000 ALTER TABLE `messages` DISABLE KEYS */;
INSERT INTO `messages` VALUES (3305,114,'Este ticket foi aceite com sucesso.','admin','2024-04-16 12:23:16','Carlos Cota'),(3306,114,'Este ticket foi fechado com sucesso.','admin','2024-04-16 12:23:26','Carlos Cota'),(3307,114,'<p>teste mensagem com editor</p>','user','2024-04-16 16:47:38','test_user'),(3308,114,'teste','user','2024-04-16 16:48:32','test_user'),(3309,114,'<strong>teste mensagem em italico&nbsp;</strong>','user','2024-04-16 16:49:20','test_user'),(3310,123,'ok bom','user','2024-04-16 23:13:31','test_user'),(3311,122,'ok','user','2024-04-16 23:13:43','test_user'),(3312,123,'Este ticket foi aceite com sucesso.','admin','2024-04-16 23:13:58','Carlos Cota'),(3314,172,'Este ticket foi aceite com sucesso.','admin','2024-04-18 15:24:31','Carlos Cota'),(3315,172,'Ol&aacute;','user','2024-04-18 15:24:51','test_user'),(3316,172,'teste mensagem com á','user','2024-04-18 15:29:20','test_user'),(3317,172,'agora <em>italico </em>MAS agora vai <strong>negrito</strong>','user','2024-04-18 15:29:36','test_user'),(3318,172,'teste&nbsp;negrito','user','2024-04-18 15:30:55','test_user'),(3319,172,'OLÁ COM acentuação','user','2024-04-18 15:31:14','test_user'),(3320,172,'negr<strong>ito NEGRITO </strong>','user','2024-04-18 15:33:08','test_user'),(3321,172,'<strong>negrito ito ito </strong>','user','2024-04-18 15:34:33','test_user'),(3322,172,'<em>italico</em>','user','2024-04-18 15:35:04','test_user'),(3323,172,'mensagem <em>mensagme mensagem</em>','user','2024-04-18 15:37:27','test_user'),(3324,172,'<ul>\n<li>teste</li>\n<li>2123</li>\n<li>1456</li>\n</ul>','user','2024-04-18 15:38:18','test_user'),(3325,172,'<ol>\n<li>13232</li>\n<li>10293</li>\n<li>reste</li>\n</ol>','user','2024-04-18 15:40:35','test_user'),(3326,172,'teste acentuação','user','2024-04-18 15:42:49','test_user'),(3327,172,'te<strong>teste teste </strong>','user','2024-04-18 15:42:58','test_user'),(3328,172,'teste com <strong>negrito</strong>','user','2024-04-18 15:44:14','test_user'),(3329,172,'TESTE <strong>bold </strong>','user','2024-04-18 15:46:55','test_user'),(3330,162,'Olá Olá','user','2024-04-18 15:47:31','test_user'),(3331,174,'Ola <strong>blind</strong>','user','2024-04-18 15:53:40','test_user'),(3332,174,'<span style=\"background-color: #f1c40f;\">teste <em>italico </em></span>','user','2024-04-18 15:55:59','test_user'),(3333,167,'texto com <strong>negrito</strong>','user','2024-04-18 15:58:39','test_user'),(3334,171,'uma mensagem','user','2024-04-18 16:13:32','test_user'),(3335,171,'<strong>negrito mensagem</strong>','user','2024-04-18 16:13:41','test_user'),(3336,171,'&lt;ul&gt;\n&lt;li&gt;<em>Consegui?!&lt;br /&gt;&lt;br /&gt;</em>&lt;/li&gt;\n&lt;li&gt;<em>talvez sim</em>&lt;/li&gt;\n&lt;/ul&gt;','user','2024-04-18 16:14:57','test_user'),(3337,171,'&lt;span style=\"background-color: #000000;\"&gt;kmakmadkmads&lt;/span&gt;','user','2024-04-18 16:15:17','test_user'),(3338,167,'teste','user','2024-04-18 16:17:03','test_user'),(3339,167,'<strong> MENsagem</strong>','user','2024-04-18 16:17:13','test_user'),(3340,167,'isto resulta? ','user','2024-04-18 16:18:00','test_user'),(3341,167,'&lt;h1&gt;Teste heading&lt;br /&gt;-.ASD&lt;br /&gt;&lt;br /&gt;&lt;/h1&gt;','user','2024-04-18 16:18:34','test_user'),(3342,167,'<strong>Resolvido&lt;br /&gt;com <em>SUCESSO</em></strong>','user','2024-04-18 16:19:02','test_user'),(3345,190,'Este ticket foi aceite com sucesso.','admin','2024-04-19 23:02:07','Carlos Cota'),(3346,193,'Este ticket foi aceite com sucesso.','admin','2024-04-19 23:28:45','Carlos Cota'),(3347,195,'ola','admin','2024-04-19 23:41:08','Carlos Cota'),(3348,195,'ola','user','2024-04-19 23:41:32','test_user'),(3349,203,'&lt;a href=\"2015.pdf\"&gt;2015.pdf&lt;/a&gt;','admin','2024-04-22 12:18:54','Carlos Cota'),(3350,205,'Boa tarde','admin','2024-04-22 14:59:45','Carlos Cota'),(3351,205,'Este ticket foi aceite com sucesso.','admin','2024-04-22 15:00:00','Carlos Cota'),(3352,206,'Este ticket foi aceite com sucesso.','admin','2024-04-22 15:21:20','Carlos Cota'),(3353,206,'Em execução.','admin','2024-04-22 15:21:33','Carlos Cota'),(3354,206,'Este ticket foi fechado com sucesso.','admin','2024-04-22 15:22:35','Carlos Cota'),(3355,207,'Este ticket foi aceite com sucesso.','admin','2024-04-22 16:15:09','Carlos Cota'),(3356,209,'olá','user','2024-04-23 15:54:29','Rafael Pereira'),(3357,209,'Este ticket foi aceite com sucesso.','admin','2024-04-23 15:54:50','Carlos Cota'),(3358,209,'Vou resolver','admin','2024-04-23 15:55:00','Carlos Cota'),(3359,209,'Obrigado','user','2024-04-23 15:55:38','Rafael Pereira'),(3360,209,'Este ticket foi fechado com sucesso.','admin','2024-04-23 15:56:06','Carlos Cota'),(3366,214,'Este ticket foi reaberto.','admin','2024-04-29 16:43:50','Carlos Cota'),(3367,214,'Este ticket foi aceite com sucesso.','admin','2024-04-29 16:43:58','Carlos Cota'),(3368,214,'Este ticket foi fechado com sucesso.','admin','2024-04-29 16:44:07','Carlos Cota'),(3369,217,'Este ticket foi aceite com sucesso.','admin','2024-05-07 14:07:04','Carlos Cota'),(3370,217,'Mensage3m','admin','2024-05-07 14:07:16','Carlos Cota'),(3371,217,'Obrigado','user','2024-05-07 14:07:36','Rafael Jerónimo'),(3372,217,'Este ticket foi fechado com sucesso.','admin','2024-05-07 14:07:51','Carlos Cota'),(3373,218,'Este ticket foi aceite com sucesso.','admin','2024-05-07 14:09:15','Carlos Cota'),(3374,218,'Este ticket foi fechado com sucesso.','admin','2024-05-07 14:09:22','Carlos Cota'),(3377,220,'Este ticket foi aceite com sucesso.','admin','2024-05-08 09:28:32','Carlos Cota'),(3378,220,'Mensagem no ticket.','admin','2024-05-08 10:02:52','Carlos Cota'),(3379,220,'123456','user','2024-05-08 10:03:05','Rafael Jerónimo'),(3380,221,'Este ticket foi aceite com sucesso.','admin','2024-05-08 10:05:26','Carlos Cota'),(3381,221,'Este ticket foi fechado com sucesso.','admin','2024-05-08 10:05:31','Carlos Cota'),(3382,222,'Este ticket foi aceite com sucesso.','admin','2024-05-08 15:05:55','Carlos Cota'),(3383,222,'Este ticket foi fechado com sucesso.','admin','2024-05-08 15:06:44','Carlos Cota'),(3384,223,'Este ticket foi aceite com sucesso.','admin','2024-05-08 15:10:23','Carlos Cota'),(3385,228,'Este ticket foi aceite com sucesso.','admin','2024-05-09 17:25:47','Carlos Cota'),(3386,228,'Este ticket foi fechado com sucesso.','admin','2024-05-09 17:25:57','Carlos Cota'),(3387,228,'ola','admin','2024-05-09 17:26:20','Carlos Cota'),(3388,228,'teste teste ','user','2024-05-09 17:27:08','Rafael Jerónimo'),(3389,228,'ok testado','admin','2024-05-09 17:27:21','Carlos Cota'),(3390,228,'teste outra vez','user','2024-05-09 17:27:29','Rafael Jerónimo'),(3391,228,'já testei','admin','2024-05-09 17:27:47','Carlos Cota'),(3392,225,'mensagem de teste','admin','2024-05-09 17:28:34','Luis Martins'),(3393,225,'ok','admin','2024-05-09 17:28:43','Luis Martins'),(3394,227,'teste','admin','2024-05-09 17:30:46','Carlos Cota'),(3395,227,'teste','admin','2024-05-09 17:30:49','Carlos Cota'),(3396,224,'teste aaaaaa','admin','2024-05-10 09:17:09','Carlos Cota'),(3397,224,'asdasd','admin','2024-05-10 09:17:18','Carlos Cota'),(3398,224,'dasdas','admin','2024-05-10 09:17:52','Carlos Cota'),(3399,224,'asdasdas','user','2024-05-10 09:18:38','Rafael Jerónimo'),(3400,227,'teste teste ','admin','2024-05-10 09:20:05','Carlos Cota'),(3401,226,'aaaaaa','admin','2024-05-10 09:25:10','Carlos Cota'),(3402,226,'testei','admin','2024-05-10 09:26:22','Carlos Cota'),(3403,226,'aaaaaaa','user','2024-05-10 09:31:10','Rafael Jerónimo'),(3404,226,'teste','user','2024-05-10 09:31:26','Rafael Jerónimo'),(3405,227,'teste','admin','2024-05-10 09:32:49','Carlos Cota'),(3406,227,'mensagem','admin','2024-05-10 09:34:28','Carlos Cota'),(3407,227,'ok','admin','2024-05-10 09:35:52','Carlos Cota'),(3408,224,'teste','user','2024-05-10 09:37:37','Rafael Jerónimo'),(3409,224,'aaaaa','user','2024-05-10 09:37:49','Rafael Jerónimo'),(3410,220,'3','user','2024-05-10 09:40:27','Rafael Jerónimo'),(3411,222,'Este ticket foi reaberto.','admin','2024-05-10 09:40:46','Carlos Cota'),(3412,222,'teste','admin','2024-05-10 09:54:10','Carlos Cota'),(3413,181,'teste','admin','2024-05-10 10:00:38','Luis Martins'),(3414,227,'asdasdas','admin','2024-05-10 10:31:09','Carlos Cota'),(3415,227,'asdasdas','admin','2024-05-10 10:31:19','Carlos Cota'),(3416,227,'mensage&lt;br /&gt;&lt;br /&gt;\n&lt;div&gt; &lt;/div&gt;','admin','2024-05-10 10:44:52','Carlos Cota'),(3417,227,'asdasdasd','admin','2024-05-10 10:49:29','Carlos Cota'),(3418,226,'teste','admin','2024-05-10 11:00:45','Carlos Cota'),(3419,226,'mensagem','user','2024-05-10 11:02:11','Rafael Jerónimo'),(3420,229,'teste','user','2024-05-10 11:03:11','Rafael Jerónimo'),(3421,229,'teste','admin','2024-05-10 11:10:52','Carlos Cota'),(3422,229,'teste','admin','2024-05-10 11:11:02','Carlos Cota'),(3423,229,'teste','admin','2024-05-10 11:13:19','Carlos Cota'),(3424,229,'a','user','2024-05-10 11:29:26','Rafael Jerónimo'),(3425,230,'Este ticket foi aceite com sucesso.','admin','2024-05-10 11:29:48','Carlos Cota'),(3426,230,'teste','admin','2024-05-10 11:39:24','Carlos Cota'),(3427,229,'teste teste','user','2024-05-10 11:39:43','Rafael Jerónimo'),(3428,230,'teeeeeeeeeee','admin','2024-05-10 11:40:13','Carlos Cota'),(3429,229,'asdasas','admin','2024-05-10 11:40:26','Carlos Cota'),(3430,230,'bla','admin','2024-05-10 11:49:08','Carlos Cota'),(3431,229,'teste','user','2024-05-10 11:55:03','Rafael Jerónimo'),(3432,229,'teste','user','2024-05-10 11:57:01','Rafael Jerónimo'),(3433,230,'mensagem','admin','2024-05-10 11:57:18','Carlos Cota'),(3434,230,'Este ticket foi fechado com sucesso.','admin','2024-05-10 14:20:31','Carlos Cota'),(3435,230,'º','admin','2024-05-10 14:20:54','Carlos Cota'),(3436,230,'Este ticket foi fechado com sucesso.','admin','2024-05-10 14:20:58','Carlos Cota'),(3437,230,'Este ticket foi aceite com sucesso.','admin','2024-05-10 14:21:02','Carlos Cota'),(3438,229,'Este ticket foi aceite com sucesso.','admin','2024-05-10 14:42:22','Carlos Cota'),(3439,229,'ola','admin','2024-05-10 14:42:31','Carlos Cota'),(3440,229,'Este ticket foi fechado com sucesso.','admin','2024-05-10 14:42:56','Carlos Cota'),(3441,226,'mensagem 1','user','2024-05-10 14:44:19','Rafael Jerónimo'),(3442,230,'Este ticket foi fechado com sucesso.','admin','2024-05-10 14:45:19','Carlos Cota'),(3443,228,'Resolvido','admin','2024-05-10 14:46:18','Carlos Cota'),(3444,227,'Este ticket foi aceite com sucesso.','admin','2024-05-10 15:06:47','Carlos Cota'),(3445,227,'Este ticket foi fechado com sucesso.','admin','2024-05-10 15:52:31','Carlos Cota'),(3446,226,'Este ticket foi aceite com sucesso.','admin','2024-05-10 15:52:42','Carlos Cota'),(3447,226,'Este ticket foi fechado com sucesso.','admin','2024-05-10 15:52:50','Carlos Cota'),(3448,231,'aaaaa','admin','2024-05-15 15:47:49','Carlos Cota'),(3449,231,'Este ticket foi aceite com sucesso.','admin','2024-05-15 15:48:02','Carlos Cota'),(3450,231,'Obrigado por ter aceite','user','2024-05-15 15:48:27','Rafael Jerónimo'),(3451,231,'Este ticket foi fechado com sucesso.','admin','2024-05-21 09:17:01','Carlos Cota'),(3452,232,'Este ticket foi aceite com sucesso.','admin','2024-05-21 09:18:53','Carlos Cota'),(3453,232,'aceitei','admin','2024-05-21 09:18:59','Carlos Cota'),(3454,232,'Este ticket foi fechado com sucesso.','admin','2024-05-21 09:19:44','Carlos Cota'),(3455,233,'ok','user','2024-05-21 09:21:33','Rafael Jerónimo'),(3456,233,'Este ticket foi aceite com sucesso.','admin','2024-05-21 09:21:43','Carlos Cota'),(3457,233,'Este ticket foi fechado com sucesso.','admin','2024-05-21 09:21:49','Carlos Cota'),(3458,234,'Este ticket foi aceite com sucesso.','admin','2024-05-23 16:38:57','Carlos Cota'),(3459,234,'teste','user','2024-05-24 11:26:41','Rafael Jerónimo'),(3460,234,'Mensagem bla bla ','admin','2024-05-24 11:27:04','Carlos Cota'),(3461,234,'Este ticket foi fechado com sucesso.','admin','2024-05-24 11:27:06','Carlos Cota'),(3462,234,'AAAAAA','user','2024-05-24 15:23:44','Rafael Jerónimo'),(3463,234,'aaaaaa','admin','2024-05-24 15:46:05','Carlos Cota'),(3464,215,'Este ticket foi aceite com sucesso.','admin','2024-05-24 15:50:09','Carlos Cota'),(3465,215,'resolvido','admin','2024-05-24 15:50:19','Carlos Cota'),(3466,215,'Este ticket foi fechado com sucesso.','admin','2024-05-24 15:50:22','Carlos Cota'),(3467,193,'Este ticket foi fechado com sucesso.','admin','2024-05-24 15:51:24','Carlos Cota'),(3468,222,'Resolvido.','admin','2024-05-24 15:51:43','Elisabete Martins'),(3469,222,'Este ticket foi fechado com sucesso.','admin','2024-05-24 15:51:45','Elisabete Martins'),(3470,233,'resolvido','admin','2024-05-24 16:07:34','Carlos Cota'),(3471,233,'Este ticket foi fechado com sucesso.','admin','2024-05-24 16:07:44','Carlos Cota'),(3472,237,'Este ticket foi aceite com sucesso.','admin','2024-05-24 16:11:51','Carlos Cota'),(3473,237,'Este ticket foi fechado com sucesso.','admin','2024-05-24 16:12:17','Carlos Cota');
/*!40000 ALTER TABLE `messages` ENABLE KEYS */;
UNLOCK TABLES;

--
-- Table structure for table `tickets`
--

DROP TABLE IF EXISTS `tickets`;
/*!40101 SET @saved_cs_client     = @@character_set_client */;
/*!40101 SET character_set_client = utf8 */;
CREATE TABLE `tickets` (
  `id` int(11) NOT NULL AUTO_INCREMENT,
  `description` text DEFAULT NULL,
  `date` date DEFAULT NULL,
  `state` varchar(50) DEFAULT NULL,
  `created_by` int(11) DEFAULT NULL,
  `attributed_to` int(11) DEFAULT NULL,
  `topic_id` int(11) DEFAULT NULL,
  `contacto` varchar(100) DEFAULT NULL,
  `created_by_user` varchar(255) DEFAULT NULL,
  `group_id` int(11) DEFAULT NULL,
  `title` varchar(255) DEFAULT NULL,
  `closed_by` varchar(255) DEFAULT NULL,
  `UnidadeOrg` varchar(255) DEFAULT NULL,
  `attributed_to_name` varchar(255) DEFAULT NULL,
  `file` varchar(255) DEFAULT NULL,
  PRIMARY KEY (`id`),
  KEY `created_by` (`created_by`),
  KEY `attributed_to` (`attributed_to`),
  KEY `fk_topic_id` (`topic_id`),
  KEY `fk_tickets_group_id` (`group_id`),
  CONSTRAINT `fk_attributed_to` FOREIGN KEY (`attributed_to`) REFERENCES `users` (`id`),
  CONSTRAINT `fk_created_by` FOREIGN KEY (`created_by`) REFERENCES `users` (`id`),
  CONSTRAINT `fk_tickets_group_id` FOREIGN KEY (`group_id`) REFERENCES `Groups` (`id`),
  CONSTRAINT `fk_topic_id` FOREIGN KEY (`topic_id`) REFERENCES `Topics` (`id`)
) ENGINE=InnoDB AUTO_INCREMENT=238 DEFAULT CHARSET=utf8mb4 COLLATE=utf8mb4_general_ci;
/*!40101 SET character_set_client = @saved_cs_client */;

--
-- Dumping data for table `tickets`
--

LOCK TABLES `tickets` WRITE;
/*!40000 ALTER TABLE `tickets` DISABLE KEYS */;
INSERT INTO `tickets` VALUES (114,'<p>Ticket inicial</p>','2024-04-16','closed',1,5,2,'1823','test_user',1,'Novo ticket','Carlos Cota','EBSV - Escola Básica Secundária Velas','Carlos Cota',NULL),(115,'<table style=\"width: 24.4125%; height: 67.1953px;\" border=\"1\">\r\n<tbody>\r\n<tr style=\"height: 44.7969px;\">\r\n<th style=\"width: 65.3326%; height: 44.7969px;\">Nome completo</th>\r\n<th style=\"width: 19.548%; height: 44.7969px;\">User</th>\r\n</tr>\r\n<tr style=\"height: 22.3984px;\">\r\n<td style=\"width: 65.3326%; height: 22.3984px;\">name</td>\r\n<td style=\"width: 19.548%; height: 22.3984px;\">user</td>\r\n</tr>\r\n</tbody>\r\n</table>','2024-04-16','open',1,NULL,12,'1823','test_user',1,'teste file',NULL,'EBIRP - Escola Básica Integrada Rabo Peixe',NULL,NULL),(116,'<p>teste file</p>','2024-04-16','open',1,NULL,2,'123','test_user',1,'teste file',NULL,'EBIPV - Escola Básica Integrada Praia Vitória',NULL,'PEM.png'),(117,'<p>teste ficheiro</p>','2024-04-16','open',1,NULL,2,'1234','test_user',1,'teste file',NULL,'DAIP',NULL,'2015.pdf'),(118,'<p>fieaidm</p>','2024-04-16','open',1,NULL,2,'1234','test_user',1,'ticket sem file',NULL,'EBIPV - Escola Básica Integrada Praia Vitória',NULL,NULL),(119,'<p>tikcet com file</p>','2024-04-16','open',1,NULL,2,'1244','test_user',1,'ticket com file',NULL,'EBSC - Escola Básica Secundária Calheta',NULL,'2015_1.pdf'),(120,'<p>12343124</p>','2024-04-16','open',1,NULL,2,'123','test_user',1,'ticket ',NULL,'EBSC - Escola Básica Secundária Calheta',NULL,NULL),(121,'<p>123123132</p>','2024-04-16','open',1,NULL,2,'12312','test_user',1,'teste1234',NULL,'EBSC - Escola Básica Secundária Calheta',NULL,'Sem ficheiro.'),(122,'<p>teste com file</p>','2024-04-16','open',1,NULL,2,'1234','test_user',1,'Ticket com file',NULL,'EBSC - Escola Básica Secundária Calheta',NULL,'Criacao_de_Contas-template.xlsx'),(123,'<p>teste 1234</p>','2024-04-16','em execucao',1,5,2,'123','test_user',1,'ticket sem file',NULL,'EBIPV - Escola Básica Integrada Praia Vitória','Carlos Cota','Sem ficheiro.'),(124,'<p>teste file</p>','2024-04-17','open',1,NULL,2,'1234','test_user',1,'file com ticket',NULL,'DSTF',NULL,'2015_1.pdf'),(125,'<p>teste file</p>','2024-04-17','open',1,NULL,2,'1234','test_user',1,'file com ticket',NULL,'DSTF',NULL,'2015_1.pdf'),(126,'<p>teste</p>','2024-04-17','open',1,NULL,16,'124','test_user',1,'teste file',NULL,'DAIP-Aprovisionamento',NULL,'2015_1.pdf'),(129,'<p>teste gra topico</p>','2024-04-17','open',1,NULL,2,'1234','test_user',1,'topico gra',NULL,'DAIP-Expediente',NULL,'Sem ficheiro.'),(130,'<p>teste</p>','2024-04-17','open',1,NULL,16,'1234','test_user',1,'apoio utilizador',NULL,'DAIP',NULL,'Captura_de_ecra_2024-04-16_as_22.48.29.png'),(131,'<p>teste com ficheiro</p>','2024-04-17','open',1,NULL,2,'1234','test_user',1,'teste com ficheiro',NULL,'DAIP',NULL,'Captura_de_ecra_2024-04-16_as_22.48.29.png'),(133,'<p>teste ticket</p>','2024-04-17','open',1,NULL,2,'1234','test_user',1,'novo ticket',NULL,'DSTF',NULL,'Sem ficheiro.'),(134,'<p>file test</p>','2024-04-17','open',1,NULL,10,'1823','test_user',1,'teste com file',NULL,'DREAE-CF',NULL,'Captura_de_ecra_2024-04-16_as_22.48.29.png'),(135,'<p>teste ticket</p>','2024-04-17','open',1,NULL,2,'1234','test_user',1,'teste',NULL,'DAIP',NULL,'Sem ficheiro.'),(136,'<p>teste ticket</p>','2024-04-17','open',1,NULL,2,'1234','test_user',1,'teste',NULL,'DAIP',NULL,'Sem ficheiro.'),(137,'<p>teq3424</p>','2024-04-17','open',1,NULL,14,'1234','test_user',1,'teteett',NULL,'DAIP',NULL,'Sem ficheiro.'),(138,'<p>teste ticket geral</p>','2024-04-17','open',1,NULL,2,'81723','test_user',1,'teste geral ticket',NULL,'DAIP',NULL,'Captura_de_ecra_2024-04-16_as_22.48.29.png'),(140,'<p>teste&nbsp;</p>','2024-04-17','open',1,NULL,16,'1234','test_user',1,'teste',NULL,'DAIP',NULL,'Sem ficheiro.'),(141,'<p>teste</p>','2024-04-17','open',1,NULL,2,'123','test_user',1,'teste ticket',NULL,'DAIP',NULL,'Sem ficheiro.'),(142,'<p>teste</p>','2024-04-17','open',1,NULL,2,'123','test_user',1,'teste ticket',NULL,'DAIP',NULL,'Sem ficheiro.'),(143,'<p>teste teste&nbsp;</p>','2024-04-17','open',1,NULL,2,'1023','test_user',1,'teste ticket',NULL,'DAIP-Aprovisionamento',NULL,'Sem ficheiro.'),(148,'<p>teste ftickcet</p>','2024-04-17','open',1,NULL,2,'1256','test_user',1,'teste',NULL,'DSTF',NULL,'Sem ficheiro.'),(149,'<p>12341 teste&nbsp;</p>','2024-04-17','open',1,NULL,2,'124','test_user',1,'teste 123',NULL,'DSTF',NULL,'Sem ficheiro.'),(152,'<p>teste not edu&nbsp;</p>','2024-04-17','open',1,NULL,2,'1928','test_user',1,'teste not edu',NULL,'DSTF',NULL,'Sem ficheiro.'),(155,'<table border=\"1\">\r\n<tbody>\r\n<tr>\r\n<th>Nome completo</th>\r\n<th>User</th>\r\n</tr>\r\n<tr>\r\n<td>user</td>\r\n<td>teste</td>\r\n</tr>\r\n</tbody>\r\n</table>','2024-04-17','open',1,NULL,12,'10293','test_user',1,'teste teste',NULL,'DAIP',NULL,'Sem ficheiro.'),(159,'<table border=\"1\">\r\n<tbody>\r\n<tr>\r\n<th>Nome completo</th>\r\n<th>User</th>\r\n</tr>\r\n<tr>\r\n<td>user</td>\r\n<td>name1092</td>\r\n</tr>\r\n</tbody>\r\n</table>','2024-04-17','open',1,NULL,12,'1029','test_user',1,'teste ticket not edu',NULL,'DAIP-Técnicos',NULL,'Sem ficheiro.'),(160,'<p>descricao ticket</p>','2024-04-17','open',1,NULL,2,'10923','test_user',1,'novo ticket smtp',NULL,'DAIP',NULL,'Sem ficheiro.'),(161,'<table border=\"1\">\r\n<tbody>\r\n<tr>\r\n<th>Nome completo</th>\r\n<th>NIF</th>\r\n<th>Data de nascimento</th>\r\n<th>SGC</th>\r\n<th>Rel&oacute;gio ponto</th>\r\n</tr>\r\n<tr>\r\n<td>andre</td>\r\n<td>019</td>\r\n<td>10/12/00</td>\r\n<td>nao</td>\r\n<td>nao</td>\r\n<td>&nbsp;</td>\r\n</tr>\r\n</tbody>\r\n</table>','2024-04-17','open',1,NULL,11,'1023','test_user',1,'criacao utilizador',NULL,'DAIP',NULL,'Sem ficheiro.'),(162,'<p>teste novo ticket&nbsp;</p>','2024-04-17','open',1,NULL,16,'10293','test_user',1,'test novo ticket',NULL,'DAIP-Técnicos',NULL,'Sem ficheiro.'),(163,'<p>utilizador x precisa de apoio.</p>','2024-04-17','open',1,NULL,16,'1884','test_user',1,'Utilizador precisa de apoio',NULL,'DAIP-Expediente',NULL,'Sem ficheiro.'),(164,'<table border=\"1\">\r\n<tbody>\r\n<tr>\r\n<th>Nome completo</th>\r\n<th>User</th>\r\n</tr>\r\n<tr>\r\n<td>andre rodrigues</td>\r\n<td>username</td>\r\n</tr>\r\n</tbody>\r\n</table>','2024-04-17','open',1,NULL,12,'10924','test_user',1,'Ativar mfa ',NULL,'DSTF',NULL,'Sem ficheiro.'),(166,'<p>Descri&ccedil;&atilde;o de um ticket geral para ser resolvido.</p>','2024-04-18','open',1,NULL,2,'10923','test_user',1,'Teste ticket geral',NULL,'DAIP-Pessoal',NULL,'Sem ficheiro.'),(167,'<p>teste teste file&nbsp;</p>','2024-04-18','open',1,NULL,10,'1982','test_user',1,'teste com file',NULL,'DSTF',NULL,'Sem ficheiro.'),(171,'<p>Em anexo envio alguma coisa.</p>','2024-04-18','open',1,NULL,33,'102834','test_user',2,'Alteração de rede wifi',NULL,'DREAE-CF',NULL,'2015_1.pdf'),(172,'<p>ficheiro em anexo</p>','2024-04-18','em execucao',1,5,16,'109234','test_user',1,'teste ticket',NULL,'DAIP-Expediente','Carlos Cota','Captura_de_ecra_2024-04-16_as_22.48.29.png'),(173,'<p>1234<strong>bolbolbold</strong></p>','2024-04-18','open',1,NULL,2,'01234','test_user',1,'teste ticket',NULL,'DAIP',NULL,'Sem ficheiro.'),(174,'<p>teste1255</p>','2024-04-18','open',1,NULL,2,'1235','test_user',1,'Novo ticket ficheiro',NULL,'DAIP-Técnicos',NULL,'Captura_de_ecra_2024-04-16_as_22.48.29.png'),(177,'<p>teste teste 1234&nbsp;</p>','2024-04-19','open',5,NULL,16,'10234','Carlos Cota',1,'teste ticket admin',NULL,'DAIP-Pessoal',NULL,'Sem ficheiro.'),(178,'<p>teste teste 123</p>','2024-04-19','open',5,NULL,2,'12354','Carlos Cota',1,'teste atribuir ticket',NULL,'DSTF',NULL,'Sem ficheiro.'),(179,'<p>teste teste</p>','2024-04-19','open',5,NULL,16,'10923','Carlos cabaça',1,'teste atribuir ticket',NULL,'DAIP-Técnicos',NULL,'Sem ficheiro.'),(180,'<p>teste teste 123</p>','2024-04-19','open',5,NULL,16,'1230','Carlos Cota',1,'teste atribuir',NULL,'DAIP-Pessoal',NULL,'Sem ficheiro.'),(181,'<p>teste teste 123</p>','2024-04-19','open',5,NULL,30,'1923','Carlos Cota',2,'teste atribuir ticket',NULL,'DSTF',NULL,'Sem ficheiro.'),(182,'<table border=\"1\">\r\n<tbody>\r\n<tr>\r\n<th>Nome completo</th>\r\n<th>User</th>\r\n</tr>\r\n<tr>\r\n<td>kams</td>\r\n<td>username</td>\r\n</tr>\r\n</tbody>\r\n</table>','2024-04-19','open',5,NULL,12,'10239',NULL,1,'teste atribuir ticket',NULL,'DSTF',NULL,'Sem ficheiro.'),(183,'<table border=\"1\">\r\n<tbody>\r\n<tr>\r\n<th>Nome completo</th>\r\n<th>User</th>\r\n</tr>\r\n<tr>\r\n<td>123</td>\r\n<td>asdasd</td>\r\n</tr>\r\n</tbody>\r\n</table>','2024-04-19','open',5,NULL,12,'1023',NULL,1,'teste file',NULL,'Gabinete SRECD',NULL,'Captura_de_ecra_2024-04-19_as_11.33.09.png'),(184,'<p>test teste 23</p>','2024-04-19','open',5,NULL,2,'10239',NULL,1,'teste atribuir ticket',NULL,'DAIP-Técnicos',NULL,'Sem ficheiro.'),(185,'<p>kmasdkmsdakm</p>','2024-04-19','open',5,NULL,2,'10o23',NULL,1,'kasdkmdsa',NULL,'DSTF',NULL,'Sem ficheiro.'),(186,'<p>l,&ccedil;as,ldsl,ds</p>','2024-04-19','open',5,NULL,16,'10234',NULL,1,'test ',NULL,'DCE',NULL,'Sem ficheiro.'),(187,'<p>teste teste1023</p>','2024-04-19','open',5,NULL,2,'10123',NULL,1,'teste 123',NULL,'DAIP-Técnicos',NULL,'Sem ficheiro.'),(188,'<p><strong>asldalsdl,dasl,asd</strong></p>','2024-04-19','open',5,NULL,16,'10123',NULL,1,'teste teste',NULL,'DAIP-Técnicos',NULL,'Sem ficheiro.'),(189,'<p>123,123,</p>','2024-04-19','open',10,NULL,16,'101293',NULL,1,'teste',NULL,'DAIP',NULL,'Sem ficheiro.'),(190,'<p>teste 1235</p>','2024-04-19','em execucao',8,5,2,'01234',NULL,1,'teste em nome de ',NULL,'DAIP-Expediente','Carlos Cota','Sem ficheiro.'),(191,'<table border=\"1\">\r\n<tbody>\r\n<tr>\r\n<th>Nome completo</th>\r\n<th>User</th>\r\n</tr>\r\n<tr>\r\n<td>nome</td>\r\n<td>username</td>\r\n</tr>\r\n</tbody>\r\n</table>','2024-04-19','open',1,NULL,12,'1023',NULL,1,'teste ticket auth',NULL,'DAIP-Pessoal',NULL,'Sem ficheiro.'),(192,'<p>as msdamksdakms123</p>','2024-04-19','open',5,NULL,2,'123123',NULL,1,'teste ticket',NULL,'DAIP-Aprovisionamento',NULL,'Sem ficheiro.'),(193,'<p>l,salldsa,</p>','2024-04-19','Fechado',5,5,16,'teste','12342',1,'Carlos Cota','Carlos Cota','DAIP','Carlos Cota','Sem ficheiro.'),(194,'<p>oasoasdolosad</p>','2024-04-19','open',4,NULL,2,'teste','Luis Martins',1,'01293',NULL,'DAIP',NULL,'Sem ficheiro.'),(195,'<table style=\"width: 24.4125%; height: 67.1953px;\" border=\"1\">\r\n<tbody>\r\n<tr style=\"height: 44.7969px;\">\r\n<th style=\"width: 65.3326%; height: 44.7969px;\">Nome completo</th>\r\n<th style=\"width: 19.548%; height: 44.7969px;\">User</th>\r\n</tr>\r\n<tr style=\"height: 22.3984px;\">\r\n<td style=\"width: 65.3326%; height: 22.3984px;\">meu nome</td>\r\n<td style=\"width: 19.548%; height: 22.3984px;\">username</td>\r\n</tr>\r\n</tbody>\r\n</table>','2024-04-19','open',1,NULL,12,'test_user','19231',1,'criei um ticket',NULL,'DAIP-Técnicos',NULL,'Sem ficheiro.'),(196,'<p>testei</p>','2024-04-19','open',1,NULL,2,'teste','1923',1,'test_user',NULL,'DAIP-Expediente',NULL,'Sem ficheiro.'),(197,'<p>123123</p>','2024-04-19','open',4,NULL,2,'teste topic','Luis Martins',1,'1203',NULL,'DAIP-Técnicos',NULL,'Sem ficheiro.'),(198,'<p>maskmdsakm</p>','2024-04-19','open',5,NULL,2,'Carlos Cota','10293',1,'teste',NULL,'DAIP',NULL,'Sem ficheiro.'),(199,'<p><strong>adsk adskadsk</strong></p>','2024-04-20','open',5,NULL,7,'1231232',NULL,1,'sakkdsakads',NULL,'DSTF',NULL,'Sem ficheiro.'),(200,'<table border=\"1\">\r\n<tbody>\r\n<tr>\r\n<th>Nome completo</th>\r\n<th>User</th>\r\n</tr>\r\n<tr>\r\n<td>asd</td>\r\n<td>ads</td>\r\n</tr>\r\n</tbody>\r\n</table>','2024-04-20','open',1,NULL,12,'10239',NULL,1,'asddsads',NULL,'DSTF',NULL,'Sem ficheiro.'),(201,'<p>jmdasjmdsjm</p>','2024-04-20','open',NULL,NULL,2,'123411','Carlos Cota',1,'ultimo teste',NULL,'DAIP',NULL,'Sem ficheiro.'),(202,'<p>kkmdkmsaskma</p>','2024-04-20','open',NULL,NULL,2,'123213','Luis Martins',1,'last test',NULL,'DAIP-Aprovisionamento',NULL,'Sem ficheiro.'),(203,'<p>a,aadsads</p>','2024-04-20','open',NULL,NULL,16,'12314','test_user',1,'adskdsaka',NULL,'DSTF',NULL,'Sem ficheiro.'),(205,'<p>criar novo ticket</p>','2024-04-22','em execucao',1,5,2,'1923','test_user',1,'Novo ticket',NULL,'DAIP-Aprovisionamento','Carlos Cota','Sem ficheiro.'),(206,'<p>Adicionar a seguinte lista de MACAdresses.</p>','2024-04-22','closed',1,5,7,'1023','test_user',1,'Lista de MAC adresses\'s','Carlos Cota','DAIP-Aprovisionamento','Carlos Cota','criacao_conta-template.xlsx'),(207,'<table border=\"1\">\r\n<tbody>\r\n<tr>\r\n<th>Nome completo</th>\r\n<th>User</th>\r\n</tr>\r\n<tr>\r\n<td>jose</td>\r\n<td>antonio1234</td>\r\n</tr>\r\n</tbody>\r\n</table>','2024-04-22','em execucao',1,5,12,'10123','test_user',1,'Teste autenticacao',NULL,'DAIP-Telefonistas','Carlos Cota','Sem ficheiro.'),(208,'<p>link estranho www.google.com.pt</p>','2024-04-23','open',1,NULL,34,'1023','Rafael Pereira',1,'problema tal',NULL,'DAIP-Aprovisionamento',NULL,'Sem ficheiro.'),(209,'<p>teste 1234124102o3</p>','2024-04-23','Fechado',1,5,2,'1203210o','Rafael Pereira',1,'Novo ticket teste','Carlos Cota','DAIP-Aprovisionamento','Carlos Cota','Sem ficheiro.'),(212,'<p>teste&nbsp;</p>','2024-04-29','Aberto',19,NULL,48,'14752','Rafael Jerónimo',1,'Ticket manual digital',NULL,'ES Manuel Arriaga',NULL,'Sem ficheiro.'),(213,'<p>teste</p>','2024-04-29','Fechado',19,5,26,'1234','Rafael Jerónimo',1,'teste','Carlos Cota','EBS da Graciosa','Carlos Cota','Sem ficheiro.'),(214,'','2024-04-29','Fechado',19,5,26,'3','Rafael Jerónimo',1,'2','Carlos Cota','EBIL - Escola Básica Integrada Lagoa','Carlos Cota','Sem ficheiro.'),(215,'<table border=\"1\">\r\n<tbody>\r\n<tr>\r\n<th>Nome/Entidade</th>\r\n<th>Nome respons&aacute;vel</th>\r\n<th>Data de nascimento</th>\r\n<th>NIF</th>\r\n<th>Aplica&ccedil;&otilde;es/Portos</th>\r\n</tr>\r\n<tr>\r\n<td>Nome</td>\r\n<td>a</td>\r\n<td>b</td>\r\n<td>c</td>\r\n<td>d</td>\r\n<td>&nbsp;</td>\r\n</tr>\r\n</tbody>\r\n</table>','2024-04-29','Fechado',19,5,49,'1475','Rafael Jerónimo',1,'Pedido VPN','Carlos Cota','EBS Topo','Carlos Cota','Sem ficheiro.'),(216,'<p class=\"MsoNormal\">&nbsp;</p>\r\n<table class=\"MsoNormalTable\" style=\"width: 862.0pt; border-collapse: collapse; mso-yfti-tbllook: 1184; mso-padding-alt: 0cm 0cm 0cm 0cm;\" border=\"0\" width=\"1149\" cellspacing=\"0\" cellpadding=\"0\">\r\n<tbody>\r\n<tr style=\"mso-yfti-irow: 0; mso-yfti-firstrow: yes; height: 15.0pt;\">\r\n<td style=\"width: 172.0pt; border: solid #4472C4 1.0pt; border-right: none; background: #4472C4; padding: 0cm 5.4pt 0cm 5.4pt; height: 15.0pt;\" nowrap=\"nowrap\" width=\"229\">\r\n<p class=\"MsoNormal\" style=\"text-align: center;\" align=\"center\"><strong><span style=\"font-size: 10.0pt; color: white; mso-fareast-language: PT;\">ESCOLA</span></strong></p>\r\n</td>\r\n<td style=\"width: 172.0pt; border-top: solid #4472C4 1.0pt; border-left: none; border-bottom: solid #4472C4 1.0pt; border-right: none; background: #4472C4; padding: 0cm 5.4pt 0cm 5.4pt; height: 15.0pt;\" nowrap=\"nowrap\" width=\"229\">\r\n<p class=\"MsoNormal\" style=\"text-align: center;\" align=\"center\"><strong><span style=\"font-size: 10.0pt; color: white; mso-fareast-language: PT;\">Nome PC</span></strong></p>\r\n</td>\r\n<td style=\"width: 59.0pt; border-top: solid #4472C4 1.0pt; border-left: none; border-bottom: solid #4472C4 1.0pt; border-right: none; background: #4472C4; padding: 0cm 5.4pt 0cm 5.4pt; height: 15.0pt;\" nowrap=\"nowrap\" width=\"79\">\r\n<p class=\"MsoNormal\" style=\"text-align: center;\" align=\"center\"><strong><span style=\"font-size: 10.0pt; color: white; mso-fareast-language: PT;\">SO</span></strong></p>\r\n</td>\r\n<td style=\"width: 73.0pt; border-top: solid #4472C4 1.0pt; border-left: none; border-bottom: solid #4472C4 1.0pt; border-right: none; background: #4472C4; padding: 0cm 5.4pt 0cm 5.4pt; height: 15.0pt;\" nowrap=\"nowrap\" width=\"97\">\r\n<p class=\"MsoNormal\" style=\"text-align: center;\" align=\"center\"><strong><span style=\"font-size: 10.0pt; color: white; mso-fareast-language: PT;\">Tipo</span></strong></p>\r\n</td>\r\n<td style=\"width: 166.0pt; border-top: solid #4472C4 1.0pt; border-left: none; border-bottom: solid #4472C4 1.0pt; border-right: none; background: #4472C4; padding: 0cm 5.4pt 0cm 5.4pt; height: 15.0pt;\" nowrap=\"nowrap\" width=\"221\">\r\n<p class=\"MsoNormal\" style=\"text-align: center;\" align=\"center\"><strong><span style=\"font-size: 10.0pt; color: white; mso-fareast-language: PT;\">Marca/Modelo</span></strong></p>\r\n</td>\r\n<td style=\"width: 127.0pt; border-top: solid #4472C4 1.0pt; border-left: none; border-bottom: solid #4472C4 1.0pt; border-right: none; background: #4472C4; padding: 0cm 5.4pt 0cm 5.4pt; height: 15.0pt;\" nowrap=\"nowrap\" width=\"169\">\r\n<p class=\"MsoNormal\" style=\"text-align: center;\" align=\"center\"><strong><span style=\"font-size: 10.0pt; color: white; mso-fareast-language: PT;\">S/N</span></strong></p>\r\n</td>\r\n<td style=\"width: 93.0pt; border: solid #4472C4 1.0pt; border-left: none; background: #4472C4; padding: 0cm 5.4pt 0cm 5.4pt; height: 15.0pt;\" nowrap=\"nowrap\" width=\"124\">\r\n<p class=\"MsoNormal\" style=\"text-align: center;\" align=\"center\"><strong><span style=\"font-size: 10.0pt; color: white; mso-fareast-language: PT;\">MAC WIFI</span></strong></p>\r\n</td>\r\n</tr>\r\n<tr style=\"mso-yfti-irow: 1; height: 15.0pt;\">\r\n<td style=\"width: 172.0pt; border: solid #8EAADB 1.0pt; border-top: none; background: #D9E2F3; padding: 0cm 5.4pt 0cm 5.4pt; height: 15.0pt;\" nowrap=\"nowrap\" width=\"229\">\r\n<p class=\"MsoNormal\" style=\"text-align: center;\" align=\"center\"><strong><span style=\"font-size: 10.0pt; color: black; mso-fareast-language: PT;\">EB1,2,3/JI/S PE MAURICIO DE FREITAS</span></strong></p>\r\n</td>\r\n<td style=\"width: 172.0pt; border-top: none; border-left: none; border-bottom: solid #8EAADB 1.0pt; border-right: solid #8EAADB 1.0pt; background: #D9E2F3; padding: 0cm 5.4pt 0cm 5.4pt; height: 15.0pt;\" nowrap=\"nowrap\" width=\"229\">\r\n<p class=\"MsoNormal\" style=\"text-align: center;\" align=\"center\"><span style=\"font-size: 10.0pt; color: black; mso-fareast-language: PT;\">EBSFH19</span></p>\r\n</td>\r\n<td style=\"width: 59.0pt; border-top: none; border-left: none; border-bottom: solid #8EAADB 1.0pt; border-right: solid #8EAADB 1.0pt; background: #D9E2F3; padding: 0cm 5.4pt 0cm 5.4pt; height: 15.0pt;\" nowrap=\"nowrap\" width=\"79\">\r\n<p class=\"MsoNormal\" style=\"text-align: center;\" align=\"center\"><span style=\"font-size: 10.0pt; color: black; mso-fareast-language: PT;\">Win 10</span></p>\r\n</td>\r\n<td style=\"width: 73.0pt; border-top: none; border-left: none; border-bottom: solid #8EAADB 1.0pt; border-right: solid #8EAADB 1.0pt; background: #D9E2F3; padding: 0cm 5.4pt 0cm 5.4pt; height: 15.0pt;\" nowrap=\"nowrap\" width=\"97\">\r\n<p class=\"MsoNormal\" style=\"text-align: center;\" align=\"center\"><span style=\"font-size: 10.0pt; color: black; mso-fareast-language: PT;\">Port&aacute;til</span></p>\r\n</td>\r\n<td style=\"width: 166.0pt; border-top: none; border-left: none; border-bottom: solid #8EAADB 1.0pt; border-right: solid #8EAADB 1.0pt; background: #D9E2F3; padding: 0cm 5.4pt 0cm 5.4pt; height: 15.0pt;\" nowrap=\"nowrap\" width=\"221\">\r\n<p class=\"MsoNormal\" style=\"text-align: center;\" align=\"center\"><span lang=\"EN-US\" style=\"font-size: 10.0pt; color: black; mso-ansi-language: EN-US; mso-fareast-language: PT;\">Classmate PC - LEAP-T304 - SF20GM6</span></p>\r\n</td>\r\n<td style=\"width: 127.0pt; border-top: none; border-left: none; border-bottom: solid #8EAADB 1.0pt; border-right: solid #8EAADB 1.0pt; background: #D9E2F3; padding: 0cm 5.4pt 0cm 5.4pt; height: 15.0pt;\" nowrap=\"nowrap\" width=\"169\">\r\n<p class=\"MsoNormal\" style=\"text-align: center;\" align=\"center\"><span style=\"font-size: 10.0pt; color: black; mso-fareast-language: PT;\">4032210000600020</span></p>\r\n</td>\r\n<td style=\"width: 93.0pt; border-top: none; border-left: none; border-bottom: solid #8EAADB 1.0pt; border-right: solid #8EAADB 1.0pt; background: #D9E2F3; padding: 0cm 5.4pt 0cm 5.4pt; height: 15.0pt;\" nowrap=\"nowrap\" width=\"124\">\r\n<p class=\"MsoNormal\" style=\"text-align: center;\" align=\"center\"><span style=\"font-size: 10.0pt; color: black; mso-fareast-language: PT;\">28:d0:ea:22:32:1f</span></p>\r\n</td>\r\n</tr>\r\n<tr style=\"mso-yfti-irow: 2; height: 15.0pt;\">\r\n<td style=\"width: 172.0pt; border: solid #8EAADB 1.0pt; border-top: none; padding: 0cm 5.4pt 0cm 5.4pt; height: 15.0pt;\" nowrap=\"nowrap\" width=\"229\">\r\n<p class=\"MsoNormal\" style=\"text-align: center;\" align=\"center\"><strong><span style=\"font-size: 10.0pt; color: black; mso-fareast-language: PT;\">EB1,2,3/JI/S PE MAURICIO DE FREITAS</span></strong></p>\r\n</td>\r\n<td style=\"width: 172.0pt; border-top: none; border-left: none; border-bottom: solid #8EAADB 1.0pt; border-right: solid #8EAADB 1.0pt; padding: 0cm 5.4pt 0cm 5.4pt; height: 15.0pt;\" nowrap=\"nowrap\" width=\"229\">\r\n<p class=\"MsoNormal\" style=\"text-align: center;\" align=\"center\"><span style=\"font-size: 10.0pt; color: black; mso-fareast-language: PT;\">EBSFH25</span></p>\r\n</td>\r\n<td style=\"width: 59.0pt; border-top: none; border-left: none; border-bottom: solid #8EAADB 1.0pt; border-right: solid #8EAADB 1.0pt; padding: 0cm 5.4pt 0cm 5.4pt; height: 15.0pt;\" nowrap=\"nowrap\" width=\"79\">\r\n<p class=\"MsoNormal\" style=\"text-align: center;\" align=\"center\"><span style=\"font-size: 10.0pt; color: black; mso-fareast-language: PT;\">Win 10</span></p>\r\n</td>\r\n<td style=\"width: 73.0pt; border-top: none; border-left: none; border-bottom: solid #8EAADB 1.0pt; border-right: solid #8EAADB 1.0pt; padding: 0cm 5.4pt 0cm 5.4pt; height: 15.0pt;\" nowrap=\"nowrap\" width=\"97\">\r\n<p class=\"MsoNormal\" style=\"text-align: center;\" align=\"center\"><span style=\"font-size: 10.0pt; color: black; mso-fareast-language: PT;\">Port&aacute;til</span></p>\r\n</td>\r\n<td style=\"width: 166.0pt; border-top: none; border-left: none; border-bottom: solid #8EAADB 1.0pt; border-right: solid #8EAADB 1.0pt; padding: 0cm 5.4pt 0cm 5.4pt; height: 15.0pt;\" nowrap=\"nowrap\" width=\"221\">\r\n<p class=\"MsoNormal\" style=\"text-align: center;\" align=\"center\"><span lang=\"EN-US\" style=\"font-size: 10.0pt; color: black; mso-ansi-language: EN-US; mso-fareast-language: PT;\">Classmate PC - LEAP-T304 - SF20GM6</span></p>\r\n</td>\r\n<td style=\"width: 127.0pt; border-top: none; border-left: none; border-bottom: solid #8EAADB 1.0pt; border-right: solid #8EAADB 1.0pt; padding: 0cm 5.4pt 0cm 5.4pt; height: 15.0pt;\" nowrap=\"nowrap\" width=\"169\">\r\n<p class=\"MsoNormal\" style=\"text-align: center;\" align=\"center\"><span style=\"font-size: 10.0pt; color: black; mso-fareast-language: PT;\">4032210000600020</span></p>\r\n</td>\r\n<td style=\"width: 93.0pt; border-top: none; border-left: none; border-bottom: solid #8EAADB 1.0pt; border-right: solid #8EAADB 1.0pt; padding: 0cm 5.4pt 0cm 5.4pt; height: 15.0pt;\" nowrap=\"nowrap\" width=\"124\">\r\n<p class=\"MsoNormal\" style=\"text-align: center;\" align=\"center\"><span style=\"font-size: 10.0pt; color: black; mso-fareast-language: PT;\">28:d0:ea:20:82:d0</span></p>\r\n</td>\r\n</tr>\r\n<tr style=\"mso-yfti-irow: 3; height: 15.0pt;\">\r\n<td style=\"width: 172.0pt; border: solid #8EAADB 1.0pt; border-top: none; background: #D9E2F3; padding: 0cm 5.4pt 0cm 5.4pt; height: 15.0pt;\" nowrap=\"nowrap\" width=\"229\">\r\n<p class=\"MsoNormal\" style=\"text-align: center;\" align=\"center\"><strong><span style=\"font-size: 10.0pt; color: black; mso-fareast-language: PT;\">EB1,2,3/JI/S PE MAURICIO DE FREITAS</span></strong></p>\r\n</td>\r\n<td style=\"width: 172.0pt; border-top: none; border-left: none; border-bottom: solid #8EAADB 1.0pt; border-right: solid #8EAADB 1.0pt; background: #D9E2F3; padding: 0cm 5.4pt 0cm 5.4pt; height: 15.0pt;\" nowrap=\"nowrap\" width=\"229\">\r\n<p class=\"MsoNormal\" style=\"text-align: center;\" align=\"center\"><span style=\"font-size: 10.0pt; color: black; mso-fareast-language: PT;\">EBSFH26</span></p>\r\n</td>\r\n<td style=\"width: 59.0pt; border-top: none; border-left: none; border-bottom: solid #8EAADB 1.0pt; border-right: solid #8EAADB 1.0pt; background: #D9E2F3; padding: 0cm 5.4pt 0cm 5.4pt; height: 15.0pt;\" nowrap=\"nowrap\" width=\"79\">\r\n<p class=\"MsoNormal\" style=\"text-align: center;\" align=\"center\"><span style=\"font-size: 10.0pt; color: black; mso-fareast-language: PT;\">Win 10</span></p>\r\n</td>\r\n<td style=\"width: 73.0pt; border-top: none; border-left: none; border-bottom: solid #8EAADB 1.0pt; border-right: solid #8EAADB 1.0pt; background: #D9E2F3; padding: 0cm 5.4pt 0cm 5.4pt; height: 15.0pt;\" nowrap=\"nowrap\" width=\"97\">\r\n<p class=\"MsoNormal\" style=\"text-align: center;\" align=\"center\"><span style=\"font-size: 10.0pt; color: black; mso-fareast-language: PT;\">Port&aacute;til</span></p>\r\n</td>\r\n<td style=\"width: 166.0pt; border-top: none; border-left: none; border-bottom: solid #8EAADB 1.0pt; border-right: solid #8EAADB 1.0pt; background: #D9E2F3; padding: 0cm 5.4pt 0cm 5.4pt; height: 15.0pt;\" nowrap=\"nowrap\" width=\"221\">\r\n<p class=\"MsoNormal\" style=\"text-align: center;\" align=\"center\"><span lang=\"EN-US\" style=\"font-size: 10.0pt; color: black; mso-ansi-language: EN-US; mso-fareast-language: PT;\">Classmate PC - LEAP-T304 - SF20GM6</span></p>\r\n</td>\r\n<td style=\"width: 127.0pt; border-top: none; border-left: none; border-bottom: solid #8EAADB 1.0pt; border-right: solid #8EAADB 1.0pt; background: #D9E2F3; padding: 0cm 5.4pt 0cm 5.4pt; height: 15.0pt;\" nowrap=\"nowrap\" width=\"169\">\r\n<p class=\"MsoNormal\" style=\"text-align: center;\" align=\"center\"><span style=\"font-size: 10.0pt; color: black; mso-fareast-language: PT;\">4032100000600240</span></p>\r\n</td>\r\n<td style=\"width: 93.0pt; border-top: none; border-left: none; border-bottom: solid #8EAADB 1.0pt; border-right: solid #8EAADB 1.0pt; background: #D9E2F3; padding: 0cm 5.4pt 0cm 5.4pt; height: 15.0pt;\" nowrap=\"nowrap\" width=\"124\">\r\n<p class=\"MsoNormal\" style=\"text-align: center;\" align=\"center\"><span style=\"font-size: 10.0pt; color: black; mso-fareast-language: PT;\">1c:99:57:4d:86:54</span></p>\r\n</td>\r\n</tr>\r\n<tr style=\"mso-yfti-irow: 4; height: 15.0pt;\">\r\n<td style=\"width: 172.0pt; border: solid #8EAADB 1.0pt; border-top: none; padding: 0cm 5.4pt 0cm 5.4pt; height: 15.0pt;\" nowrap=\"nowrap\" width=\"229\">\r\n<p class=\"MsoNormal\" style=\"text-align: center;\" align=\"center\"><strong><span style=\"font-size: 10.0pt; color: black; mso-fareast-language: PT;\">EB1,2,3/JI/S PE MAURICIO DE FREITAS</span></strong></p>\r\n</td>\r\n<td style=\"width: 172.0pt; border-top: none; border-left: none; border-bottom: solid #8EAADB 1.0pt; border-right: solid #8EAADB 1.0pt; padding: 0cm 5.4pt 0cm 5.4pt; height: 15.0pt;\" nowrap=\"nowrap\" width=\"229\">\r\n<p class=\"MsoNormal\" style=\"text-align: center;\" align=\"center\"><span style=\"font-size: 10.0pt; color: black; mso-fareast-language: PT;\">EBSFH27</span></p>\r\n</td>\r\n<td style=\"width: 59.0pt; border-top: none; border-left: none; border-bottom: solid #8EAADB 1.0pt; border-right: solid #8EAADB 1.0pt; padding: 0cm 5.4pt 0cm 5.4pt; height: 15.0pt;\" nowrap=\"nowrap\" width=\"79\">\r\n<p class=\"MsoNormal\" style=\"text-align: center;\" align=\"center\"><span style=\"font-size: 10.0pt; color: black; mso-fareast-language: PT;\">Win 10</span></p>\r\n</td>\r\n<td style=\"width: 73.0pt; border-top: none; border-left: none; border-bottom: solid #8EAADB 1.0pt; border-right: solid #8EAADB 1.0pt; padding: 0cm 5.4pt 0cm 5.4pt; height: 15.0pt;\" nowrap=\"nowrap\" width=\"97\">\r\n<p class=\"MsoNormal\" style=\"text-align: center;\" align=\"center\"><span style=\"font-size: 10.0pt; color: black; mso-fareast-language: PT;\">Port&aacute;til</span></p>\r\n</td>\r\n<td style=\"width: 166.0pt; border-top: none; border-left: none; border-bottom: solid #8EAADB 1.0pt; border-right: solid #8EAADB 1.0pt; padding: 0cm 5.4pt 0cm 5.4pt; height: 15.0pt;\" nowrap=\"nowrap\" width=\"221\">\r\n<p class=\"MsoNormal\" style=\"text-align: center;\" align=\"center\"><span lang=\"EN-US\" style=\"font-size: 10.0pt; color: black; mso-ansi-language: EN-US; mso-fareast-language: PT;\">Classmate PC - LEAP-T304 - SF20GM6</span></p>\r\n</td>\r\n<td style=\"width: 127.0pt; border-top: none; border-left: none; border-bottom: solid #8EAADB 1.0pt; border-right: solid #8EAADB 1.0pt; padding: 0cm 5.4pt 0cm 5.4pt; height: 15.0pt;\" nowrap=\"nowrap\" width=\"169\">\r\n<p class=\"MsoNormal\" style=\"text-align: center;\" align=\"center\"><span style=\"font-size: 10.0pt; color: black; mso-fareast-language: PT;\">4032100000600110</span></p>\r\n</td>\r\n<td style=\"width: 93.0pt; border-top: none; border-left: none; border-bottom: solid #8EAADB 1.0pt; border-right: solid #8EAADB 1.0pt; padding: 0cm 5.4pt 0cm 5.4pt; height: 15.0pt;\" nowrap=\"nowrap\" width=\"124\">\r\n<p class=\"MsoNormal\" style=\"text-align: center;\" align=\"center\"><span style=\"font-size: 10.0pt; color: black; mso-fareast-language: PT;\">28:d0:ea:1f:b6:b6</span></p>\r\n</td>\r\n</tr>\r\n<tr style=\"mso-yfti-irow: 5; height: 15.0pt;\">\r\n<td style=\"width: 172.0pt; border: solid #8EAADB 1.0pt; border-top: none; background: #D9E2F3; padding: 0cm 5.4pt 0cm 5.4pt; height: 15.0pt;\" nowrap=\"nowrap\" width=\"229\">\r\n<p class=\"MsoNormal\" style=\"text-align: center;\" align=\"center\"><strong><span style=\"font-size: 10.0pt; color: black; mso-fareast-language: PT;\">EB1,2,3/JI/S PE MAURICIO DE FREITAS</span></strong></p>\r\n</td>\r\n<td style=\"width: 172.0pt; border-top: none; border-left: none; border-bottom: solid #8EAADB 1.0pt; border-right: solid #8EAADB 1.0pt; background: #D9E2F3; padding: 0cm 5.4pt 0cm 5.4pt; height: 15.0pt;\" nowrap=\"nowrap\" width=\"229\">\r\n<p class=\"MsoNormal\" style=\"text-align: center;\" align=\"center\"><span style=\"font-size: 10.0pt; color: black; mso-fareast-language: PT;\">EBSFH28</span></p>\r\n</td>\r\n<td style=\"width: 59.0pt; border-top: none; border-left: none; border-bottom: solid #8EAADB 1.0pt; border-right: solid #8EAADB 1.0pt; background: #D9E2F3; padding: 0cm 5.4pt 0cm 5.4pt; height: 15.0pt;\" nowrap=\"nowrap\" width=\"79\">\r\n<p class=\"MsoNormal\" style=\"text-align: center;\" align=\"center\"><span style=\"font-size: 10.0pt; color: black; mso-fareast-language: PT;\">Win 10</span></p>\r\n</td>\r\n<td style=\"width: 73.0pt; border-top: none; border-left: none; border-bottom: solid #8EAADB 1.0pt; border-right: solid #8EAADB 1.0pt; background: #D9E2F3; padding: 0cm 5.4pt 0cm 5.4pt; height: 15.0pt;\" nowrap=\"nowrap\" width=\"97\">\r\n<p class=\"MsoNormal\" style=\"text-align: center;\" align=\"center\"><span style=\"font-size: 10.0pt; color: black; mso-fareast-language: PT;\">Port&aacute;til</span></p>\r\n</td>\r\n<td style=\"width: 166.0pt; border-top: none; border-left: none; border-bottom: solid #8EAADB 1.0pt; border-right: solid #8EAADB 1.0pt; background: #D9E2F3; padding: 0cm 5.4pt 0cm 5.4pt; height: 15.0pt;\" nowrap=\"nowrap\" width=\"221\">\r\n<p class=\"MsoNormal\" style=\"text-align: center;\" align=\"center\"><span lang=\"EN-US\" style=\"font-size: 10.0pt; color: black; mso-ansi-language: EN-US; mso-fareast-language: PT;\">Classmate PC - LEAP-T304 - SF20GM6</span></p>\r\n</td>\r\n<td style=\"width: 127.0pt; border-top: none; border-left: none; border-bottom: solid #8EAADB 1.0pt; border-right: solid #8EAADB 1.0pt; background: #D9E2F3; padding: 0cm 5.4pt 0cm 5.4pt; height: 15.0pt;\" nowrap=\"nowrap\" width=\"169\">\r\n<p class=\"MsoNormal\" style=\"text-align: center;\" align=\"center\"><span style=\"font-size: 10.0pt; color: black; mso-fareast-language: PT;\">4032100000600170</span></p>\r\n</td>\r\n<td style=\"width: 93.0pt; border-top: none; border-left: none; border-bottom: solid #8EAADB 1.0pt; border-right: solid #8EAADB 1.0pt; background: #D9E2F3; padding: 0cm 5.4pt 0cm 5.4pt; height: 15.0pt;\" nowrap=\"nowrap\" width=\"124\">\r\n<p class=\"MsoNormal\" style=\"text-align: center;\" align=\"center\"><span style=\"font-size: 10.0pt; color: black; mso-fareast-language: PT;\">1c:99:57:81:18:25</span></p>\r\n</td>\r\n</tr>\r\n<tr style=\"mso-yfti-irow: 6; height: 15.0pt;\">\r\n<td style=\"width: 172.0pt; border: solid #8EAADB 1.0pt; border-top: none; padding: 0cm 5.4pt 0cm 5.4pt; height: 15.0pt;\" nowrap=\"nowrap\" width=\"229\">\r\n<p class=\"MsoNormal\" style=\"text-align: center;\" align=\"center\"><strong><span style=\"font-size: 10.0pt; color: black; mso-fareast-language: PT;\">EB1,2,3/JI/S PE MAURICIO DE FREITAS</span></strong></p>\r\n</td>\r\n<td style=\"width: 172.0pt; border-top: none; border-left: none; border-bottom: solid #8EAADB 1.0pt; border-right: solid #8EAADB 1.0pt; padding: 0cm 5.4pt 0cm 5.4pt; height: 15.0pt;\" nowrap=\"nowrap\" width=\"229\">\r\n<p class=\"MsoNormal\" style=\"text-align: center;\" align=\"center\"><span style=\"font-size: 10.0pt; color: black; mso-fareast-language: PT;\">EBSFT11</span></p>\r\n</td>\r\n<td style=\"width: 59.0pt; border-top: none; border-left: none; border-bottom: solid #8EAADB 1.0pt; border-right: solid #8EAADB 1.0pt; padding: 0cm 5.4pt 0cm 5.4pt; height: 15.0pt;\" nowrap=\"nowrap\" width=\"79\">\r\n<p class=\"MsoNormal\" style=\"text-align: center;\" align=\"center\"><span style=\"font-size: 10.0pt; color: black; mso-fareast-language: PT;\">Android 11</span></p>\r\n</td>\r\n<td style=\"width: 73.0pt; border-top: none; border-left: none; border-bottom: solid #8EAADB 1.0pt; border-right: solid #8EAADB 1.0pt; padding: 0cm 5.4pt 0cm 5.4pt; height: 15.0pt;\" nowrap=\"nowrap\" width=\"97\">\r\n<p class=\"MsoNormal\" style=\"text-align: center;\" align=\"center\"><span style=\"font-size: 10.0pt; color: black; mso-fareast-language: PT;\">Tablet</span></p>\r\n</td>\r\n<td style=\"width: 166.0pt; border-top: none; border-left: none; border-bottom: solid #8EAADB 1.0pt; border-right: solid #8EAADB 1.0pt; padding: 0cm 5.4pt 0cm 5.4pt; height: 15.0pt;\" nowrap=\"nowrap\" width=\"221\">\r\n<p class=\"MsoNormal\" style=\"text-align: center;\" align=\"center\"><span style=\"font-size: 10.0pt; color: black; mso-fareast-language: PT;\">INSYS K1-S10</span></p>\r\n</td>\r\n<td style=\"width: 127.0pt; border-top: none; border-left: none; border-bottom: solid #8EAADB 1.0pt; border-right: solid #8EAADB 1.0pt; padding: 0cm 5.4pt 0cm 5.4pt; height: 15.0pt;\" nowrap=\"nowrap\" width=\"169\">\r\n<p class=\"MsoNormal\" style=\"text-align: center;\" align=\"center\"><span style=\"font-size: 10.0pt; color: black; mso-fareast-language: PT;\">KP1S1000102</span></p>\r\n</td>\r\n<td style=\"width: 93.0pt; border-top: none; border-left: none; border-bottom: solid #8EAADB 1.0pt; border-right: solid #8EAADB 1.0pt; padding: 0cm 5.4pt 0cm 5.4pt; height: 15.0pt;\" nowrap=\"nowrap\" width=\"124\">\r\n<p class=\"MsoNormal\" style=\"text-align: center;\" align=\"center\"><span style=\"font-size: 10.0pt; color: black; mso-fareast-language: PT;\">40:45:da:38:67:92</span></p>\r\n</td>\r\n</tr>\r\n<tr style=\"mso-yfti-irow: 7; height: 15.0pt;\">\r\n<td style=\"width: 172.0pt; border: solid #8EAADB 1.0pt; border-top: none; background: #D9E2F3; padding: 0cm 5.4pt 0cm 5.4pt; height: 15.0pt;\" nowrap=\"nowrap\" width=\"229\">\r\n<p class=\"MsoNormal\" style=\"text-align: center;\" align=\"center\"><strong><span style=\"font-size: 10.0pt; color: black; mso-fareast-language: PT;\">EB1,2,3/JI/S PE MAURICIO DE FREITAS</span></strong></p>\r\n</td>\r\n<td style=\"width: 172.0pt; border-top: none; border-left: none; border-bottom: solid #8EAADB 1.0pt; border-right: solid #8EAADB 1.0pt; background: #D9E2F3; padding: 0cm 5.4pt 0cm 5.4pt; height: 15.0pt;\" nowrap=\"nowrap\" width=\"229\">\r\n<p class=\"MsoNormal\" style=\"text-align: center;\" align=\"center\"><span style=\"font-size: 10.0pt; color: black; mso-fareast-language: PT;\">EBSFK13</span></p>\r\n</td>\r\n<td style=\"width: 59.0pt; border-top: none; border-left: none; border-bottom: solid #8EAADB 1.0pt; border-right: solid #8EAADB 1.0pt; background: #D9E2F3; padding: 0cm 5.4pt 0cm 5.4pt; height: 15.0pt;\" nowrap=\"nowrap\" width=\"79\">\r\n<p class=\"MsoNormal\" style=\"text-align: center;\" align=\"center\"><span style=\"font-size: 10.0pt; color: black; mso-fareast-language: PT;\">Android 12</span></p>\r\n</td>\r\n<td style=\"width: 73.0pt; border-top: none; border-left: none; border-bottom: solid #8EAADB 1.0pt; border-right: solid #8EAADB 1.0pt; background: #D9E2F3; padding: 0cm 5.4pt 0cm 5.4pt; height: 15.0pt;\" nowrap=\"nowrap\" width=\"97\">\r\n<p class=\"MsoNormal\" style=\"text-align: center;\" align=\"center\"><span style=\"font-size: 10.0pt; color: black; mso-fareast-language: PT;\">Tablet</span></p>\r\n</td>\r\n<td style=\"width: 166.0pt; border-top: none; border-left: none; border-bottom: solid #8EAADB 1.0pt; border-right: solid #8EAADB 1.0pt; background: #D9E2F3; padding: 0cm 5.4pt 0cm 5.4pt; height: 15.0pt;\" nowrap=\"nowrap\" width=\"221\">\r\n<p class=\"MsoNormal\" style=\"text-align: center;\" align=\"center\"><span style=\"font-size: 10.0pt; color: black; mso-fareast-language: PT;\">INSYS GW2-L1049</span></p>\r\n</td>\r\n<td style=\"width: 127.0pt; border-top: none; border-left: none; border-bottom: solid #8EAADB 1.0pt; border-right: solid #8EAADB 1.0pt; background: #D9E2F3; padding: 0cm 5.4pt 0cm 5.4pt; height: 15.0pt;\" nowrap=\"nowrap\" width=\"169\">\r\n<p class=\"MsoNormal\" style=\"text-align: center;\" align=\"center\"><span style=\"font-size: 10.0pt; color: black; mso-fareast-language: PT;\">GW2L104900923</span></p>\r\n</td>\r\n<td style=\"width: 93.0pt; border-top: none; border-left: none; border-bottom: solid #8EAADB 1.0pt; border-right: solid #8EAADB 1.0pt; background: #D9E2F3; padding: 0cm 5.4pt 0cm 5.4pt; height: 15.0pt;\" nowrap=\"nowrap\" width=\"124\">\r\n<p class=\"MsoNormal\" style=\"text-align: center;\" align=\"center\"><span style=\"font-size: 10.0pt; color: black; mso-fareast-language: PT;\">a4:90:05:b4:e3:8e</span></p>\r\n</td>\r\n</tr>\r\n<tr style=\"mso-yfti-irow: 8; height: 15.0pt;\">\r\n<td style=\"width: 172.0pt; border: solid #8EAADB 1.0pt; border-top: none; padding: 0cm 5.4pt 0cm 5.4pt; height: 15.0pt;\" nowrap=\"nowrap\" width=\"229\">\r\n<p class=\"MsoNormal\" style=\"text-align: center;\" align=\"center\"><strong><span style=\"font-size: 10.0pt; color: black; mso-fareast-language: PT;\">EB1,2,3/JI/S PE MAURICIO DE FREITAS</span></strong></p>\r\n</td>\r\n<td style=\"width: 172.0pt; border-top: none; border-left: none; border-bottom: solid #8EAADB 1.0pt; border-right: solid #8EAADB 1.0pt; padding: 0cm 5.4pt 0cm 5.4pt; height: 15.0pt;\" nowrap=\"nowrap\" width=\"229\">\r\n<p class=\"MsoNormal\" style=\"text-align: center;\" align=\"center\"><span style=\"font-size: 10.0pt; color: black; mso-fareast-language: PT;\">EBSFY1</span></p>\r\n</td>\r\n<td style=\"width: 59.0pt; border-top: none; border-left: none; border-bottom: solid #8EAADB 1.0pt; border-right: solid #8EAADB 1.0pt; padding: 0cm 5.4pt 0cm 5.4pt; height: 15.0pt;\" nowrap=\"nowrap\" width=\"79\">\r\n<p class=\"MsoNormal\" style=\"text-align: center;\" align=\"center\"><span style=\"font-size: 10.0pt; color: black; mso-fareast-language: PT;\">win 11</span></p>\r\n</td>\r\n<td style=\"width: 73.0pt; border-top: none; border-left: none; border-bottom: solid #8EAADB 1.0pt; border-right: solid #8EAADB 1.0pt; padding: 0cm 5.4pt 0cm 5.4pt; height: 15.0pt;\" nowrap=\"nowrap\" width=\"97\">\r\n<p class=\"MsoNormal\" style=\"text-align: center;\" align=\"center\"><span style=\"font-size: 10.0pt; color: black; mso-fareast-language: PT;\">AIO</span></p>\r\n</td>\r\n<td style=\"width: 166.0pt; border-top: none; border-left: none; border-bottom: solid #8EAADB 1.0pt; border-right: solid #8EAADB 1.0pt; padding: 0cm 5.4pt 0cm 5.4pt; height: 15.0pt;\" nowrap=\"nowrap\" width=\"221\">\r\n<p class=\"MsoNormal\" style=\"text-align: center;\" align=\"center\"><span style=\"font-size: 10.0pt; color: black; mso-fareast-language: PT;\">INSYS - SH322160</span></p>\r\n</td>\r\n<td style=\"width: 127.0pt; border-top: none; border-left: none; border-bottom: solid #8EAADB 1.0pt; border-right: solid #8EAADB 1.0pt; padding: 0cm 5.4pt 0cm 5.4pt; height: 15.0pt;\" nowrap=\"nowrap\" width=\"169\">\r\n<p class=\"MsoNormal\" style=\"text-align: center;\" align=\"center\"><span style=\"font-size: 10.0pt; color: black; mso-fareast-language: PT;\">CE3115846</span></p>\r\n</td>\r\n<td style=\"width: 93.0pt; border-top: none; border-left: none; border-bottom: solid #8EAADB 1.0pt; border-right: solid #8EAADB 1.0pt; padding: 0cm 5.4pt 0cm 5.4pt; height: 15.0pt;\" nowrap=\"nowrap\" width=\"124\">\r\n<p class=\"MsoNormal\" style=\"text-align: center;\" align=\"center\"><span style=\"font-size: 10.0pt; color: black; mso-fareast-language: PT;\">7C:88:99:45:38:4E</span></p>\r\n</td>\r\n</tr>\r\n<tr style=\"mso-yfti-irow: 9; height: 15.0pt;\">\r\n<td style=\"width: 172.0pt; border: solid #8EAADB 1.0pt; border-top: none; background: #D9E2F3; padding: 0cm 5.4pt 0cm 5.4pt; height: 15.0pt;\" nowrap=\"nowrap\" width=\"229\">\r\n<p class=\"MsoNormal\" style=\"text-align: center;\" align=\"center\"><strong><span style=\"font-size: 10.0pt; color: black; mso-fareast-language: PT;\">EB1,2,3/JI/S PE MAURICIO DE FREITAS</span></strong></p>\r\n</td>\r\n<td style=\"width: 172.0pt; border-top: none; border-left: none; border-bottom: solid #8EAADB 1.0pt; border-right: solid #8EAADB 1.0pt; background: #D9E2F3; padding: 0cm 5.4pt 0cm 5.4pt; height: 15.0pt;\" nowrap=\"nowrap\" width=\"229\">\r\n<p class=\"MsoNormal\" style=\"text-align: center;\" align=\"center\"><span style=\"font-size: 10.0pt; color: black; mso-fareast-language: PT;\">EBSFY2</span></p>\r\n</td>\r\n<td style=\"width: 59.0pt; border-top: none; border-left: none; border-bottom: solid #8EAADB 1.0pt; border-right: solid #8EAADB 1.0pt; background: #D9E2F3; padding: 0cm 5.4pt 0cm 5.4pt; height: 15.0pt;\" nowrap=\"nowrap\" width=\"79\">\r\n<p class=\"MsoNormal\" style=\"text-align: center;\" align=\"center\"><span style=\"font-size: 10.0pt; color: black; mso-fareast-language: PT;\">win 11</span></p>\r\n</td>\r\n<td style=\"width: 73.0pt; border-top: none; border-left: none; border-bottom: solid #8EAADB 1.0pt; border-right: solid #8EAADB 1.0pt; background: #D9E2F3; padding: 0cm 5.4pt 0cm 5.4pt; height: 15.0pt;\" nowrap=\"nowrap\" width=\"97\">\r\n<p class=\"MsoNormal\" style=\"text-align: center;\" align=\"center\"><span style=\"font-size: 10.0pt; color: black; mso-fareast-language: PT;\">AIO</span></p>\r\n</td>\r\n<td style=\"width: 166.0pt; border-top: none; border-left: none; border-bottom: solid #8EAADB 1.0pt; border-right: solid #8EAADB 1.0pt; background: #D9E2F3; padding: 0cm 5.4pt 0cm 5.4pt; height: 15.0pt;\" nowrap=\"nowrap\" width=\"221\">\r\n<p class=\"MsoNormal\" style=\"text-align: center;\" align=\"center\"><span style=\"font-size: 10.0pt; color: black; mso-fareast-language: PT;\">INSYS - SH322160</span></p>\r\n</td>\r\n<td style=\"width: 127.0pt; border-top: none; border-left: none; border-bottom: solid #8EAADB 1.0pt; border-right: solid #8EAADB 1.0pt; background: #D9E2F3; padding: 0cm 5.4pt 0cm 5.4pt; height: 15.0pt;\" nowrap=\"nowrap\" width=\"169\">\r\n<p class=\"MsoNormal\" style=\"text-align: center;\" align=\"center\"><span style=\"font-size: 10.0pt; color: black; mso-fareast-language: PT;\">CE3115847</span></p>\r\n</td>\r\n<td style=\"width: 93.0pt; border-top: none; border-left: none; border-bottom: solid #8EAADB 1.0pt; border-right: solid #8EAADB 1.0pt; background: #D9E2F3; padding: 0cm 5.4pt 0cm 5.4pt; height: 15.0pt;\" nowrap=\"nowrap\" width=\"124\">\r\n<p class=\"MsoNormal\" style=\"text-align: center;\" align=\"center\"><span style=\"font-size: 10.0pt; color: black; mso-fareast-language: PT;\">10:bb:f3:b1:9b:db</span></p>\r\n</td>\r\n</tr>\r\n<tr style=\"mso-yfti-irow: 10; height: 15.0pt;\">\r\n<td style=\"width: 172.0pt; border: solid #8EAADB 1.0pt; border-top: none; padding: 0cm 5.4pt 0cm 5.4pt; height: 15.0pt;\" nowrap=\"nowrap\" width=\"229\">\r\n<p class=\"MsoNormal\" style=\"text-align: center;\" align=\"center\"><strong><span style=\"font-size: 10.0pt; color: black; mso-fareast-language: PT;\">EB1,2,3/JI/S PE MAURICIO DE FREITAS</span></strong></p>\r\n</td>\r\n<td style=\"width: 172.0pt; border-top: none; border-left: none; border-bottom: solid #8EAADB 1.0pt; border-right: solid #8EAADB 1.0pt; padding: 0cm 5.4pt 0cm 5.4pt; height: 15.0pt;\" nowrap=\"nowrap\" width=\"229\">\r\n<p class=\"MsoNormal\" style=\"text-align: center;\" align=\"center\"><span style=\"font-size: 10.0pt; color: black; mso-fareast-language: PT;\">EBSFY4</span></p>\r\n</td>\r\n<td style=\"width: 59.0pt; border-top: none; border-left: none; border-bottom: solid #8EAADB 1.0pt; border-right: solid #8EAADB 1.0pt; padding: 0cm 5.4pt 0cm 5.4pt; height: 15.0pt;\" nowrap=\"nowrap\" width=\"79\">\r\n<p class=\"MsoNormal\" style=\"text-align: center;\" align=\"center\"><span style=\"font-size: 10.0pt; color: black; mso-fareast-language: PT;\">win 11</span></p>\r\n</td>\r\n<td style=\"width: 73.0pt; border-top: none; border-left: none; border-bottom: solid #8EAADB 1.0pt; border-right: solid #8EAADB 1.0pt; padding: 0cm 5.4pt 0cm 5.4pt; height: 15.0pt;\" nowrap=\"nowrap\" width=\"97\">\r\n<p class=\"MsoNormal\" style=\"text-align: center;\" align=\"center\"><span style=\"font-size: 10.0pt; color: black; mso-fareast-language: PT;\">AIO</span></p>\r\n</td>\r\n<td style=\"width: 166.0pt; border-top: none; border-left: none; border-bottom: solid #8EAADB 1.0pt; border-right: solid #8EAADB 1.0pt; padding: 0cm 5.4pt 0cm 5.4pt; height: 15.0pt;\" nowrap=\"nowrap\" width=\"221\">\r\n<p class=\"MsoNormal\" style=\"text-align: center;\" align=\"center\"><span style=\"font-size: 10.0pt; color: black; mso-fareast-language: PT;\">INSYS - SH322160</span></p>\r\n</td>\r\n<td style=\"width: 127.0pt; border-top: none; border-left: none; border-bottom: solid #8EAADB 1.0pt; border-right: solid #8EAADB 1.0pt; padding: 0cm 5.4pt 0cm 5.4pt; height: 15.0pt;\" nowrap=\"nowrap\" width=\"169\">\r\n<p class=\"MsoNormal\" style=\"text-align: center;\" align=\"center\"><span style=\"font-size: 10.0pt; color: black; mso-fareast-language: PT;\">CE3115862</span></p>\r\n</td>\r\n<td style=\"width: 93.0pt; border-top: none; border-left: none; border-bottom: solid #8EAADB 1.0pt; border-right: solid #8EAADB 1.0pt; padding: 0cm 5.4pt 0cm 5.4pt; height: 15.0pt;\" nowrap=\"nowrap\" width=\"124\">\r\n<p class=\"MsoNormal\" style=\"text-align: center;\" align=\"center\"><span style=\"font-size: 10.0pt; color: black; mso-fareast-language: PT;\">7C:88:99:45:37:24</span></p>\r\n</td>\r\n</tr>\r\n<tr style=\"mso-yfti-irow: 11; height: 15.0pt;\">\r\n<td style=\"width: 172.0pt; border: solid #8EAADB 1.0pt; border-top: none; background: #D9E2F3; padding: 0cm 5.4pt 0cm 5.4pt; height: 15.0pt;\" nowrap=\"nowrap\" width=\"229\">\r\n<p class=\"MsoNormal\" style=\"text-align: center;\" align=\"center\"><strong><span style=\"font-size: 10.0pt; color: black; mso-fareast-language: PT;\">EB1,2,3/JI/S PE MAURICIO DE FREITAS</span></strong></p>\r\n</td>\r\n<td style=\"width: 172.0pt; border-top: none; border-left: none; border-bottom: solid #8EAADB 1.0pt; border-right: solid #8EAADB 1.0pt; background: #D9E2F3; padding: 0cm 5.4pt 0cm 5.4pt; height: 15.0pt;\" nowrap=\"nowrap\" width=\"229\">\r\n<p class=\"MsoNormal\" style=\"text-align: center;\" align=\"center\"><span style=\"font-size: 10.0pt; color: black; mso-fareast-language: PT;\">EBSFY5</span></p>\r\n</td>\r\n<td style=\"width: 59.0pt; border-top: none; border-left: none; border-bottom: solid #8EAADB 1.0pt; border-right: solid #8EAADB 1.0pt; background: #D9E2F3; padding: 0cm 5.4pt 0cm 5.4pt; height: 15.0pt;\" nowrap=\"nowrap\" width=\"79\">\r\n<p class=\"MsoNormal\" style=\"text-align: center;\" align=\"center\"><span style=\"font-size: 10.0pt; color: black; mso-fareast-language: PT;\">win 11</span></p>\r\n</td>\r\n<td style=\"width: 73.0pt; border-top: none; border-left: none; border-bottom: solid #8EAADB 1.0pt; border-right: solid #8EAADB 1.0pt; background: #D9E2F3; padding: 0cm 5.4pt 0cm 5.4pt; height: 15.0pt;\" nowrap=\"nowrap\" width=\"97\">\r\n<p class=\"MsoNormal\" style=\"text-align: center;\" align=\"center\"><span style=\"font-size: 10.0pt; color: black; mso-fareast-language: PT;\">AIO</span></p>\r\n</td>\r\n<td style=\"width: 166.0pt; border-top: none; border-left: none; border-bottom: solid #8EAADB 1.0pt; border-right: solid #8EAADB 1.0pt; background: #D9E2F3; padding: 0cm 5.4pt 0cm 5.4pt; height: 15.0pt;\" nowrap=\"nowrap\" width=\"221\">\r\n<p class=\"MsoNormal\" style=\"text-align: center;\" align=\"center\"><span style=\"font-size: 10.0pt; color: black; mso-fareast-language: PT;\">INSYS - SH322160</span></p>\r\n</td>\r\n<td style=\"width: 127.0pt; border-top: none; border-left: none; border-bottom: solid #8EAADB 1.0pt; border-right: solid #8EAADB 1.0pt; background: #D9E2F3; padding: 0cm 5.4pt 0cm 5.4pt; height: 15.0pt;\" nowrap=\"nowrap\" width=\"169\">\r\n<p class=\"MsoNormal\" style=\"text-align: center;\" align=\"center\"><span style=\"font-size: 10.0pt; color: black; mso-fareast-language: PT;\">CE3115756</span></p>\r\n</td>\r\n<td style=\"width: 93.0pt; border-top: none; border-left: none; border-bottom: solid #8EAADB 1.0pt; border-right: solid #8EAADB 1.0pt; background: #D9E2F3; padding: 0cm 5.4pt 0cm 5.4pt; height: 15.0pt;\" nowrap=\"nowrap\" width=\"124\">\r\n<p class=\"MsoNormal\" style=\"text-align: center;\" align=\"center\"><span style=\"font-size: 10.0pt; color: black; mso-fareast-language: PT;\">7C:88:99:45:35:50</span></p>\r\n</td>\r\n</tr>\r\n<tr style=\"mso-yfti-irow: 12; height: 15.0pt;\">\r\n<td style=\"width: 172.0pt; border: solid #8EAADB 1.0pt; border-top: none; padding: 0cm 5.4pt 0cm 5.4pt; height: 15.0pt;\" nowrap=\"nowrap\" width=\"229\">\r\n<p class=\"MsoNormal\" style=\"text-align: center;\" align=\"center\"><strong><span style=\"font-size: 10.0pt; color: black; mso-fareast-language: PT;\">EB1,2,3/JI/S PE MAURICIO DE FREITAS</span></strong></p>\r\n</td>\r\n<td style=\"width: 172.0pt; border-top: none; border-left: none; border-bottom: solid #8EAADB 1.0pt; border-right: solid #8EAADB 1.0pt; padding: 0cm 5.4pt 0cm 5.4pt; height: 15.0pt;\" nowrap=\"nowrap\" width=\"229\">\r\n<p class=\"MsoNormal\" style=\"text-align: center;\" align=\"center\"><span style=\"font-size: 10.0pt; color: black; mso-fareast-language: PT;\">EBSFY6</span></p>\r\n</td>\r\n<td style=\"width: 59.0pt; border-top: none; border-left: none; border-bottom: solid #8EAADB 1.0pt; border-right: solid #8EAADB 1.0pt; padding: 0cm 5.4pt 0cm 5.4pt; height: 15.0pt;\" nowrap=\"nowrap\" width=\"79\">\r\n<p class=\"MsoNormal\" style=\"text-align: center;\" align=\"center\"><span style=\"font-size: 10.0pt; color: black; mso-fareast-language: PT;\">win 11</span></p>\r\n</td>\r\n<td style=\"width: 73.0pt; border-top: none; border-left: none; border-bottom: solid #8EAADB 1.0pt; border-right: solid #8EAADB 1.0pt; padding: 0cm 5.4pt 0cm 5.4pt; height: 15.0pt;\" nowrap=\"nowrap\" width=\"97\">\r\n<p class=\"MsoNormal\" style=\"text-align: center;\" align=\"center\"><span style=\"font-size: 10.0pt; color: black; mso-fareast-language: PT;\">AIO</span></p>\r\n</td>\r\n<td style=\"width: 166.0pt; border-top: none; border-left: none; border-bottom: solid #8EAADB 1.0pt; border-right: solid #8EAADB 1.0pt; padding: 0cm 5.4pt 0cm 5.4pt; height: 15.0pt;\" nowrap=\"nowrap\" width=\"221\">\r\n<p class=\"MsoNormal\" style=\"text-align: center;\" align=\"center\"><span style=\"font-size: 10.0pt; color: black; mso-fareast-language: PT;\">INSYS - SH322160</span></p>\r\n</td>\r\n<td style=\"width: 127.0pt; border-top: none; border-left: none; border-bottom: solid #8EAADB 1.0pt; border-right: solid #8EAADB 1.0pt; padding: 0cm 5.4pt 0cm 5.4pt; height: 15.0pt;\" nowrap=\"nowrap\" width=\"169\">\r\n<p class=\"MsoNormal\" style=\"text-align: center;\" align=\"center\"><span style=\"font-size: 10.0pt; color: black; mso-fareast-language: PT;\">CE3115589</span></p>\r\n</td>\r\n<td style=\"width: 93.0pt; border-top: none; border-left: none; border-bottom: solid #8EAADB 1.0pt; border-right: solid #8EAADB 1.0pt; padding: 0cm 5.4pt 0cm 5.4pt; height: 15.0pt;\" nowrap=\"nowrap\" width=\"124\">\r\n<p class=\"MsoNormal\" style=\"text-align: center;\" align=\"center\"><span style=\"font-size: 10.0pt; color: black; mso-fareast-language: PT;\">10:BB:F3:B1:92:5F</span></p>\r\n</td>\r\n</tr>\r\n<tr style=\"mso-yfti-irow: 13; height: 15.0pt;\">\r\n<td style=\"width: 172.0pt; border: solid #8EAADB 1.0pt; border-top: none; background: #D9E2F3; padding: 0cm 5.4pt 0cm 5.4pt; height: 15.0pt;\" nowrap=\"nowrap\" width=\"229\">\r\n<p class=\"MsoNormal\" style=\"text-align: center;\" align=\"center\"><strong><span style=\"font-size: 10.0pt; color: black; mso-fareast-language: PT;\">EB1,2,3/JI/S PE MAURICIO DE FREITAS</span></strong></p>\r\n</td>\r\n<td style=\"width: 172.0pt; border-top: none; border-left: none; border-bottom: solid #8EAADB 1.0pt; border-right: solid #8EAADB 1.0pt; background: #D9E2F3; padding: 0cm 5.4pt 0cm 5.4pt; height: 15.0pt;\" nowrap=\"nowrap\" width=\"229\">\r\n<p class=\"MsoNormal\" style=\"text-align: center;\" align=\"center\"><span style=\"font-size: 10.0pt; color: black; mso-fareast-language: PT;\">EBSFY7</span></p>\r\n</td>\r\n<td style=\"width: 59.0pt; border-top: none; border-left: none; border-bottom: solid #8EAADB 1.0pt; border-right: solid #8EAADB 1.0pt; background: #D9E2F3; padding: 0cm 5.4pt 0cm 5.4pt; height: 15.0pt;\" nowrap=\"nowrap\" width=\"79\">\r\n<p class=\"MsoNormal\" style=\"text-align: center;\" align=\"center\"><span style=\"font-size: 10.0pt; color: black; mso-fareast-language: PT;\">win 11</span></p>\r\n</td>\r\n<td style=\"width: 73.0pt; border-top: none; border-left: none; border-bottom: solid #8EAADB 1.0pt; border-right: solid #8EAADB 1.0pt; background: #D9E2F3; padding: 0cm 5.4pt 0cm 5.4pt; height: 15.0pt;\" nowrap=\"nowrap\" width=\"97\">\r\n<p class=\"MsoNormal\" style=\"text-align: center;\" align=\"center\"><span style=\"font-size: 10.0pt; color: black; mso-fareast-language: PT;\">AIO</span></p>\r\n</td>\r\n<td style=\"width: 166.0pt; border-top: none; border-left: none; border-bottom: solid #8EAADB 1.0pt; border-right: solid #8EAADB 1.0pt; background: #D9E2F3; padding: 0cm 5.4pt 0cm 5.4pt; height: 15.0pt;\" nowrap=\"nowrap\" width=\"221\">\r\n<p class=\"MsoNormal\" style=\"text-align: center;\" align=\"center\"><span style=\"font-size: 10.0pt; color: black; mso-fareast-language: PT;\">INSYS - SH322160</span></p>\r\n</td>\r\n<td style=\"width: 127.0pt; border-top: none; border-left: none; border-bottom: solid #8EAADB 1.0pt; border-right: solid #8EAADB 1.0pt; background: #D9E2F3; padding: 0cm 5.4pt 0cm 5.4pt; height: 15.0pt;\" nowrap=\"nowrap\" width=\"169\">\r\n<p class=\"MsoNormal\" style=\"text-align: center;\" align=\"center\"><span style=\"font-size: 10.0pt; color: black; mso-fareast-language: PT;\">CE3115758</span></p>\r\n</td>\r\n<td style=\"width: 93.0pt; border-top: none; border-left: none; border-bottom: solid #8EAADB 1.0pt; border-right: solid #8EAADB 1.0pt; background: #D9E2F3; padding: 0cm 5.4pt 0cm 5.4pt; height: 15.0pt;\" nowrap=\"nowrap\" width=\"124\">\r\n<p class=\"MsoNormal\" style=\"text-align: center;\" align=\"center\"><span style=\"font-size: 10.0pt; color: black; mso-fareast-language: PT;\">7C:88:99:45:35:60</span></p>\r\n</td>\r\n</tr>\r\n<tr style=\"mso-yfti-irow: 14; height: 15.0pt;\">\r\n<td style=\"width: 172.0pt; border: solid #8EAADB 1.0pt; border-top: none; padding: 0cm 5.4pt 0cm 5.4pt; height: 15.0pt;\" nowrap=\"nowrap\" width=\"229\">\r\n<p class=\"MsoNormal\" style=\"text-align: center;\" align=\"center\"><strong><span style=\"font-size: 10.0pt; color: black; mso-fareast-language: PT;\">EB1,2,3/JI/S PE MAURICIO DE FREITAS</span></strong></p>\r\n</td>\r\n<td style=\"width: 172.0pt; border-top: none; border-left: none; border-bottom: solid #8EAADB 1.0pt; border-right: solid #8EAADB 1.0pt; padding: 0cm 5.4pt 0cm 5.4pt; height: 15.0pt;\" nowrap=\"nowrap\" width=\"229\">\r\n<p class=\"MsoNormal\" style=\"text-align: center;\" align=\"center\"><span style=\"font-size: 10.0pt; color: black; mso-fareast-language: PT;\">EBSFY8</span></p>\r\n</td>\r\n<td style=\"width: 59.0pt; border-top: none; border-left: none; border-bottom: solid #8EAADB 1.0pt; border-right: solid #8EAADB 1.0pt; padding: 0cm 5.4pt 0cm 5.4pt; height: 15.0pt;\" nowrap=\"nowrap\" width=\"79\">\r\n<p class=\"MsoNormal\" style=\"text-align: center;\" align=\"center\"><span style=\"font-size: 10.0pt; color: black; mso-fareast-language: PT;\">win 11</span></p>\r\n</td>\r\n<td style=\"width: 73.0pt; border-top: none; border-left: none; border-bottom: solid #8EAADB 1.0pt; border-right: solid #8EAADB 1.0pt; padding: 0cm 5.4pt 0cm 5.4pt; height: 15.0pt;\" nowrap=\"nowrap\" width=\"97\">\r\n<p class=\"MsoNormal\" style=\"text-align: center;\" align=\"center\"><span style=\"font-size: 10.0pt; color: black; mso-fareast-language: PT;\">AIO</span></p>\r\n</td>\r\n<td style=\"width: 166.0pt; border-top: none; border-left: none; border-bottom: solid #8EAADB 1.0pt; border-right: solid #8EAADB 1.0pt; padding: 0cm 5.4pt 0cm 5.4pt; height: 15.0pt;\" nowrap=\"nowrap\" width=\"221\">\r\n<p class=\"MsoNormal\" style=\"text-align: center;\" align=\"center\"><span style=\"font-size: 10.0pt; color: black; mso-fareast-language: PT;\">INSYS - SH322160</span></p>\r\n</td>\r\n<td style=\"width: 127.0pt; border-top: none; border-left: none; border-bottom: solid #8EAADB 1.0pt; border-right: solid #8EAADB 1.0pt; padding: 0cm 5.4pt 0cm 5.4pt; height: 15.0pt;\" nowrap=\"nowrap\" width=\"169\">\r\n<p class=\"MsoNormal\" style=\"text-align: center;\" align=\"center\"><span style=\"font-size: 10.0pt; color: black; mso-fareast-language: PT;\">CE3116632</span></p>\r\n</td>\r\n<td style=\"width: 93.0pt; border-top: none; border-left: none; border-bottom: solid #8EAADB 1.0pt; border-right: solid #8EAADB 1.0pt; padding: 0cm 5.4pt 0cm 5.4pt; height: 15.0pt;\" nowrap=\"nowrap\" width=\"124\">\r\n<p class=\"MsoNormal\" style=\"text-align: center;\" align=\"center\"><span style=\"font-size: 10.0pt; color: black; mso-fareast-language: PT;\">10:BB:F3:B1:99:75</span></p>\r\n</td>\r\n</tr>\r\n<tr style=\"mso-yfti-irow: 15; height: 15.0pt;\">\r\n<td style=\"width: 172.0pt; border: solid #8EAADB 1.0pt; border-top: none; background: #D9E2F3; padding: 0cm 5.4pt 0cm 5.4pt; height: 15.0pt;\" nowrap=\"nowrap\" width=\"229\">\r\n<p class=\"MsoNormal\" style=\"text-align: center;\" align=\"center\"><strong><span style=\"font-size: 10.0pt; color: black; mso-fareast-language: PT;\">EB1,2,3/JI/S PE MAURICIO DE FREITAS</span></strong></p>\r\n</td>\r\n<td style=\"width: 172.0pt; border-top: none; border-left: none; border-bottom: solid #8EAADB 1.0pt; border-right: solid #8EAADB 1.0pt; background: #D9E2F3; padding: 0cm 5.4pt 0cm 5.4pt; height: 15.0pt;\" nowrap=\"nowrap\" width=\"229\">\r\n<p class=\"MsoNormal\" style=\"text-align: center;\" align=\"center\"><span style=\"font-size: 10.0pt; color: black; mso-fareast-language: PT;\">EBSFY9</span></p>\r\n</td>\r\n<td style=\"width: 59.0pt; border-top: none; border-left: none; border-bottom: solid #8EAADB 1.0pt; border-right: solid #8EAADB 1.0pt; background: #D9E2F3; padding: 0cm 5.4pt 0cm 5.4pt; height: 15.0pt;\" nowrap=\"nowrap\" width=\"79\">\r\n<p class=\"MsoNormal\" style=\"text-align: center;\" align=\"center\"><span style=\"font-size: 10.0pt; color: black; mso-fareast-language: PT;\">win 11</span></p>\r\n</td>\r\n<td style=\"width: 73.0pt; border-top: none; border-left: none; border-bottom: solid #8EAADB 1.0pt; border-right: solid #8EAADB 1.0pt; background: #D9E2F3; padding: 0cm 5.4pt 0cm 5.4pt; height: 15.0pt;\" nowrap=\"nowrap\" width=\"97\">\r\n<p class=\"MsoNormal\" style=\"text-align: center;\" align=\"center\"><span style=\"font-size: 10.0pt; color: black; mso-fareast-language: PT;\">AIO</span></p>\r\n</td>\r\n<td style=\"width: 166.0pt; border-top: none; border-left: none; border-bottom: solid #8EAADB 1.0pt; border-right: solid #8EAADB 1.0pt; background: #D9E2F3; padding: 0cm 5.4pt 0cm 5.4pt; height: 15.0pt;\" nowrap=\"nowrap\" width=\"221\">\r\n<p class=\"MsoNormal\" style=\"text-align: center;\" align=\"center\"><span style=\"font-size: 10.0pt; color: black; mso-fareast-language: PT;\">INSYS - SH322160</span></p>\r\n</td>\r\n<td style=\"width: 127.0pt; border-top: none; border-left: none; border-bottom: solid #8EAADB 1.0pt; border-right: solid #8EAADB 1.0pt; background: #D9E2F3; padding: 0cm 5.4pt 0cm 5.4pt; height: 15.0pt;\" nowrap=\"nowrap\" width=\"169\">\r\n<p class=\"MsoNormal\" style=\"text-align: center;\" align=\"center\"><span style=\"font-size: 10.0pt; color: black; mso-fareast-language: PT;\">CE3115748</span></p>\r\n</td>\r\n<td style=\"width: 93.0pt; border-top: none; border-left: none; border-bottom: solid #8EAADB 1.0pt; border-right: solid #8EAADB 1.0pt; background: #D9E2F3; padding: 0cm 5.4pt 0cm 5.4pt; height: 15.0pt;\" nowrap=\"nowrap\" width=\"124\">\r\n<p class=\"MsoNormal\" style=\"text-align: center;\" align=\"center\"><span style=\"font-size: 10.0pt; color: black; mso-fareast-language: PT;\">7C:88:99:45:33:84</span></p>\r\n</td>\r\n</tr>\r\n<tr style=\"mso-yfti-irow: 16; height: 15.0pt;\">\r\n<td style=\"width: 172.0pt; border: solid #8EAADB 1.0pt; border-top: none; padding: 0cm 5.4pt 0cm 5.4pt; height: 15.0pt;\" nowrap=\"nowrap\" width=\"229\">\r\n<p class=\"MsoNormal\" style=\"text-align: center;\" align=\"center\"><strong><span style=\"font-size: 10.0pt; color: black; mso-fareast-language: PT;\">EB1,2,3/JI/S PE MAURICIO DE FREITAS</span></strong></p>\r\n</td>\r\n<td style=\"width: 172.0pt; border-top: none; border-left: none; border-bottom: solid #8EAADB 1.0pt; border-right: solid #8EAADB 1.0pt; padding: 0cm 5.4pt 0cm 5.4pt; height: 15.0pt;\" nowrap=\"nowrap\" width=\"229\">\r\n<p class=\"MsoNormal\" style=\"text-align: center;\" align=\"center\"><span style=\"font-size: 10.0pt; color: black; mso-fareast-language: PT;\">EBSFY10</span></p>\r\n</td>\r\n<td style=\"width: 59.0pt; border-top: none; border-left: none; border-bottom: solid #8EAADB 1.0pt; border-right: solid #8EAADB 1.0pt; padding: 0cm 5.4pt 0cm 5.4pt; height: 15.0pt;\" nowrap=\"nowrap\" width=\"79\">\r\n<p class=\"MsoNormal\" style=\"text-align: center;\" align=\"center\"><span style=\"font-size: 10.0pt; color: black; mso-fareast-language: PT;\">win 11</span></p>\r\n</td>\r\n<td style=\"width: 73.0pt; border-top: none; border-left: none; border-bottom: solid #8EAADB 1.0pt; border-right: solid #8EAADB 1.0pt; padding: 0cm 5.4pt 0cm 5.4pt; height: 15.0pt;\" nowrap=\"nowrap\" width=\"97\">\r\n<p class=\"MsoNormal\" style=\"text-align: center;\" align=\"center\"><span style=\"font-size: 10.0pt; color: black; mso-fareast-language: PT;\">AIO</span></p>\r\n</td>\r\n<td style=\"width: 166.0pt; border-top: none; border-left: none; border-bottom: solid #8EAADB 1.0pt; border-right: solid #8EAADB 1.0pt; padding: 0cm 5.4pt 0cm 5.4pt; height: 15.0pt;\" nowrap=\"nowrap\" width=\"221\">\r\n<p class=\"MsoNormal\" style=\"text-align: center;\" align=\"center\"><span style=\"font-size: 10.0pt; color: black; mso-fareast-language: PT;\">INSYS - SH322160</span></p>\r\n</td>\r\n<td style=\"width: 127.0pt; border-top: none; border-left: none; border-bottom: solid #8EAADB 1.0pt; border-right: solid #8EAADB 1.0pt; padding: 0cm 5.4pt 0cm 5.4pt; height: 15.0pt;\" nowrap=\"nowrap\" width=\"169\">\r\n<p class=\"MsoNormal\" style=\"text-align: center;\" align=\"center\"><span style=\"font-size: 10.0pt; color: black; mso-fareast-language: PT;\">CE3115907</span></p>\r\n</td>\r\n<td style=\"width: 93.0pt; border-top: none; border-left: none; border-bottom: solid #8EAADB 1.0pt; border-right: solid #8EAADB 1.0pt; padding: 0cm 5.4pt 0cm 5.4pt; height: 15.0pt;\" nowrap=\"nowrap\" width=\"124\">\r\n<p class=\"MsoNormal\" style=\"text-align: center;\" align=\"center\"><span style=\"font-size: 10.0pt; color: black; mso-fareast-language: PT;\">7C:88:99:45:37:22</span></p>\r\n</td>\r\n</tr>\r\n<tr style=\"mso-yfti-irow: 17; height: 15.0pt;\">\r\n<td style=\"width: 172.0pt; border: solid #8EAADB 1.0pt; border-top: none; background: #D9E2F3; padding: 0cm 5.4pt 0cm 5.4pt; height: 15.0pt;\" nowrap=\"nowrap\" width=\"229\">\r\n<p class=\"MsoNormal\" style=\"text-align: center;\" align=\"center\"><strong><span style=\"font-size: 10.0pt; color: black; mso-fareast-language: PT;\">EB1,2,3/JI/S PE MAURICIO DE FREITAS</span></strong></p>\r\n</td>\r\n<td style=\"width: 172.0pt; border-top: none; border-left: none; border-bottom: solid #8EAADB 1.0pt; border-right: solid #8EAADB 1.0pt; background: #D9E2F3; padding: 0cm 5.4pt 0cm 5.4pt; height: 15.0pt;\" nowrap=\"nowrap\" width=\"229\">\r\n<p class=\"MsoNormal\" style=\"text-align: center;\" align=\"center\"><span style=\"font-size: 10.0pt; color: black; mso-fareast-language: PT;\">EBSFY11</span></p>\r\n</td>\r\n<td style=\"width: 59.0pt; border-top: none; border-left: none; border-bottom: solid #8EAADB 1.0pt; border-right: solid #8EAADB 1.0pt; background: #D9E2F3; padding: 0cm 5.4pt 0cm 5.4pt; height: 15.0pt;\" nowrap=\"nowrap\" width=\"79\">\r\n<p class=\"MsoNormal\" style=\"text-align: center;\" align=\"center\"><span style=\"font-size: 10.0pt; color: black; mso-fareast-language: PT;\">win 11</span></p>\r\n</td>\r\n<td style=\"width: 73.0pt; border-top: none; border-left: none; border-bottom: solid #8EAADB 1.0pt; border-right: solid #8EAADB 1.0pt; background: #D9E2F3; padding: 0cm 5.4pt 0cm 5.4pt; height: 15.0pt;\" nowrap=\"nowrap\" width=\"97\">\r\n<p class=\"MsoNormal\" style=\"text-align: center;\" align=\"center\"><span style=\"font-size: 10.0pt; color: black; mso-fareast-language: PT;\">AIO</span></p>\r\n</td>\r\n<td style=\"width: 166.0pt; border-top: none; border-left: none; border-bottom: solid #8EAADB 1.0pt; border-right: solid #8EAADB 1.0pt; background: #D9E2F3; padding: 0cm 5.4pt 0cm 5.4pt; height: 15.0pt;\" nowrap=\"nowrap\" width=\"221\">\r\n<p class=\"MsoNormal\" style=\"text-align: center;\" align=\"center\"><span style=\"font-size: 10.0pt; color: black; mso-fareast-language: PT;\">INSYS - SH322160</span></p>\r\n</td>\r\n<td style=\"width: 127.0pt; border-top: none; border-left: none; border-bottom: solid #8EAADB 1.0pt; border-right: solid #8EAADB 1.0pt; background: #D9E2F3; padding: 0cm 5.4pt 0cm 5.4pt; height: 15.0pt;\" nowrap=\"nowrap\" width=\"169\">\r\n<p class=\"MsoNormal\" style=\"text-align: center;\" align=\"center\"><span style=\"font-size: 10.0pt; color: black; mso-fareast-language: PT;\">CE3116510</span></p>\r\n</td>\r\n<td style=\"width: 93.0pt; border-top: none; border-left: none; border-bottom: solid #8EAADB 1.0pt; border-right: solid #8EAADB 1.0pt; background: #D9E2F3; padding: 0cm 5.4pt 0cm 5.4pt; height: 15.0pt;\" nowrap=\"nowrap\" width=\"124\">\r\n<p class=\"MsoNormal\" style=\"text-align: center;\" align=\"center\"><span style=\"font-size: 10.0pt; color: black; mso-fareast-language: PT;\">10:BB:F3:B1:91:C0</span></p>\r\n</td>\r\n</tr>\r\n<tr style=\"mso-yfti-irow: 18; height: 15.0pt;\">\r\n<td style=\"width: 172.0pt; border: solid #8EAADB 1.0pt; border-top: none; padding: 0cm 5.4pt 0cm 5.4pt; height: 15.0pt;\" nowrap=\"nowrap\" width=\"229\">\r\n<p class=\"MsoNormal\" style=\"text-align: center;\" align=\"center\"><strong><span style=\"font-size: 10.0pt; color: black; mso-fareast-language: PT;\">EB1,2,3/JI/S PE MAURICIO DE FREITAS</span></strong></p>\r\n</td>\r\n<td style=\"width: 172.0pt; border-top: none; border-left: none; border-bottom: solid #8EAADB 1.0pt; border-right: solid #8EAADB 1.0pt; padding: 0cm 5.4pt 0cm 5.4pt; height: 15.0pt;\" nowrap=\"nowrap\" width=\"229\">\r\n<p class=\"MsoNormal\" style=\"text-align: center;\" align=\"center\"><span style=\"font-size: 10.0pt; color: black; mso-fareast-language: PT;\">EBSFY12</span></p>\r\n</td>\r\n<td style=\"width: 59.0pt; border-top: none; border-left: none; border-bottom: solid #8EAADB 1.0pt; border-right: solid #8EAADB 1.0pt; padding: 0cm 5.4pt 0cm 5.4pt; height: 15.0pt;\" nowrap=\"nowrap\" width=\"79\">\r\n<p class=\"MsoNormal\" style=\"text-align: center;\" align=\"center\"><span style=\"font-size: 10.0pt; color: black; mso-fareast-language: PT;\">win 11</span></p>\r\n</td>\r\n<td style=\"width: 73.0pt; border-top: none; border-left: none; border-bottom: solid #8EAADB 1.0pt; border-right: solid #8EAADB 1.0pt; padding: 0cm 5.4pt 0cm 5.4pt; height: 15.0pt;\" nowrap=\"nowrap\" width=\"97\">\r\n<p class=\"MsoNormal\" style=\"text-align: center;\" align=\"center\"><span style=\"font-size: 10.0pt; color: black; mso-fareast-language: PT;\">AIO</span></p>\r\n</td>\r\n<td style=\"width: 166.0pt; border-top: none; border-left: none; border-bottom: solid #8EAADB 1.0pt; border-right: solid #8EAADB 1.0pt; padding: 0cm 5.4pt 0cm 5.4pt; height: 15.0pt;\" nowrap=\"nowrap\" width=\"221\">\r\n<p class=\"MsoNormal\" style=\"text-align: center;\" align=\"center\"><span style=\"font-size: 10.0pt; color: black; mso-fareast-language: PT;\">INSYS - SH322160</span></p>\r\n</td>\r\n<td style=\"width: 127.0pt; border-top: none; border-left: none; border-bottom: solid #8EAADB 1.0pt; border-right: solid #8EAADB 1.0pt; padding: 0cm 5.4pt 0cm 5.4pt; height: 15.0pt;\" nowrap=\"nowrap\" width=\"169\">\r\n<p class=\"MsoNormal\" style=\"text-align: center;\" align=\"center\"><span style=\"font-size: 10.0pt; color: black; mso-fareast-language: PT;\">CE3115815</span></p>\r\n</td>\r\n<td style=\"width: 93.0pt; border-top: none; border-left: none; border-bottom: solid #8EAADB 1.0pt; border-right: solid #8EAADB 1.0pt; padding: 0cm 5.4pt 0cm 5.4pt; height: 15.0pt;\" nowrap=\"nowrap\" width=\"124\">\r\n<p class=\"MsoNormal\" style=\"text-align: center;\" align=\"center\"><span style=\"font-size: 10.0pt; color: black; mso-fareast-language: PT;\">7C:88:99:45:36:0A</span></p>\r\n</td>\r\n</tr>\r\n<tr style=\"mso-yfti-irow: 19; mso-yfti-lastrow: yes; height: 15.0pt;\">\r\n<td style=\"width: 172.0pt; border: solid #8EAADB 1.0pt; border-top: none; background: #D9E2F3; padding: 0cm 5.4pt 0cm 5.4pt; height: 15.0pt;\" nowrap=\"nowrap\" width=\"229\">\r\n<p class=\"MsoNormal\" style=\"text-align: center;\" align=\"center\"><strong><span style=\"font-size: 10.0pt; color: black; mso-fareast-language: PT;\">EB1,2,3/JI/S PE MAURICIO DE FREITAS</span></strong></p>\r\n</td>\r\n<td style=\"width: 172.0pt; border-top: none; border-left: none; border-bottom: solid #8EAADB 1.0pt; border-right: solid #8EAADB 1.0pt; background: #D9E2F3; padding: 0cm 5.4pt 0cm 5.4pt; height: 15.0pt;\" nowrap=\"nowrap\" width=\"229\">\r\n<p class=\"MsoNormal\" style=\"text-align: center;\" align=\"center\"><span style=\"font-size: 10.0pt; color: black; mso-fareast-language: PT;\">EBSFY13</span></p>\r\n</td>\r\n<td style=\"width: 59.0pt; border-top: none; border-left: none; border-bottom: solid #8EAADB 1.0pt; border-right: solid #8EAADB 1.0pt; background: #D9E2F3; padding: 0cm 5.4pt 0cm 5.4pt; height: 15.0pt;\" nowrap=\"nowrap\" width=\"79\">\r\n<p class=\"MsoNormal\" style=\"text-align: center;\" align=\"center\"><span style=\"font-size: 10.0pt; color: black; mso-fareast-language: PT;\">win 11</span></p>\r\n</td>\r\n<td style=\"width: 73.0pt; border-top: none; border-left: none; border-bottom: solid #8EAADB 1.0pt; border-right: solid #8EAADB 1.0pt; background: #D9E2F3; padding: 0cm 5.4pt 0cm 5.4pt; height: 15.0pt;\" nowrap=\"nowrap\" width=\"97\">\r\n<p class=\"MsoNormal\" style=\"text-align: center;\" align=\"center\"><span style=\"font-size: 10.0pt; color: black; mso-fareast-language: PT;\">AIO</span></p>\r\n</td>\r\n<td style=\"width: 166.0pt; border-top: none; border-left: none; border-bottom: solid #8EAADB 1.0pt; border-right: solid #8EAADB 1.0pt; background: #D9E2F3; padding: 0cm 5.4pt 0cm 5.4pt; height: 15.0pt;\" nowrap=\"nowrap\" width=\"221\">\r\n<p class=\"MsoNormal\" style=\"text-align: center;\" align=\"center\"><span style=\"font-size: 10.0pt; color: black; mso-fareast-language: PT;\">INSYS - SH322160</span></p>\r\n</td>\r\n<td style=\"width: 127.0pt; border-top: none; border-left: none; border-bottom: solid #8EAADB 1.0pt; border-right: solid #8EAADB 1.0pt; background: #D9E2F3; padding: 0cm 5.4pt 0cm 5.4pt; height: 15.0pt;\" nowrap=\"nowrap\" width=\"169\">\r\n<p class=\"MsoNormal\" style=\"text-align: center;\" align=\"center\"><span style=\"font-size: 10.0pt; color: black; mso-fareast-language: PT;\">CE3115761</span></p>\r\n</td>\r\n<td style=\"width: 93.0pt; border-top: none; border-left: none; border-bottom: solid #8EAADB 1.0pt; border-right: solid #8EAADB 1.0pt; background: #D9E2F3; padding: 0cm 5.4pt 0cm 5.4pt; height: 15.0pt;\" nowrap=\"nowrap\" width=\"124\">\r\n<p class=\"MsoNormal\" style=\"text-align: center;\" align=\"center\"><span style=\"font-size: 10.0pt; color: black; mso-fareast-language: PT;\">7C:88:99:45:35:16</span></p>\r\n</td>\r\n</tr>\r\n</tbody>\r\n</table>','2024-04-30','Aberto',19,NULL,47,'1245','Rafael Jerónimo',2,'Adicionar os MACS',NULL,'EBS da Calheta',NULL,'Sem ficheiro.'),(217,'<p>testestesteste</p>','2024-05-06','Fechado',19,5,2,'1457','Rafael Jerónimo',1,'Um novo ticket','Carlos Cota','EBIVT - Escola Básica Integrada Vila Topo','Carlos Cota','acerto-de-reaces-quimicas-i_thumb_1709640089612.png'),(218,'<table border=\"1\">\r\n<tbody>\r\n<tr>\r\n<th>Nome completo</th>\r\n<th>NIF</th>\r\n<th>Data de nascimento</th>\r\n</tr>\r\n<tr>\r\n<td>Rafael Pereira</td>\r\n<td>245876244</td>\r\n<td>10/10/02</td>\r\n</tr>\r\n</tbody>\r\n</table>','2024-05-07','Fechado',19,5,4,'310165','Rafael Jerónimo',1,'Criacao de uma conta EDU','Carlos Cota','EBIPG - Escola Básica Integrada Ponta Garça','Carlos Cota','Sem ficheiro.'),(220,'<p>teste 1234</p>','2024-05-08','Fechado',19,5,48,'124','Rafael Jerónimo',1,'teste','Carlos Cota','EBS Lajes do Pico','Carlos Cota','criacao_conta-template.xlsx'),(221,'<p>Teste pedido parecer 1 pc&nbsp;</p>','2024-05-08','Fechado',19,5,46,'124','Rafael Jerónimo',1,'Pedido parecer ','Carlos Cota','EBI Francisco Ferreira Drummond','Carlos Cota','Sem ficheiro.'),(222,'<p>Teste ticket abcd</p>','2024-05-08','Fechado',1,5,2,'17582','Rafael Pereira',1,'Teste 1234','Elisabete Martins','Escola Básica Secundária Vila Franca Campo','Carlos Cota','Sem ficheiro.'),(223,'<p>Teste de um ticket em nome de outra pessoa.</p>','2024-05-08','Fechado',3,5,2,'135122','Pedro Santos',1,'Ticket em nome de Pedro Santos','Carlos Cota','NIT','Carlos Cota','criacao_conta-template.xlsx'),(224,'<p>Testeeeeeeeeeeeeee</p>','2024-05-08','Fechado',19,5,2,'1235','Rafael Jerónimo',1,'Teste ticket','Carlos Cota','EBIRP - Escola Básica Integrada Rabo Peixe','Carlos Cota','Sem ficheiro.'),(225,'<p>teste 109234</p>','2024-05-08','Aberto',1,NULL,33,'10023','Rafael Pereira',2,'Teste ticket alteração de redes',NULL,'DAIP-Técnicos',NULL,'Sem ficheiro.'),(226,'<p>teste teste</p>','2024-05-08','Fechado',19,5,2,'1234','Rafael Jerónimo',1,'Teste novo ticket','Carlos Cota','EBI dos Biscoitos','Carlos Cota','Sem ficheiro.'),(227,'<table border=\"1\">\r\n<tbody>\r\n<tr>\r\n<th>Nome completo</th>\r\n<th>NIF</th>\r\n<th>Data de nascimento</th>\r\n<th>SGC</th>\r\n<th>Rel&oacute;gio ponto</th>\r\n</tr>\r\n<tr>\r\n<td>Rafael</td>\r\n<td>09123</td>\r\n<td>01/7/8</td>\r\n<td>nao</td>\r\n<td>nao</td>\r\n<td>&nbsp;</td>\r\n</tr>\r\n</tbody>\r\n</table>','2024-05-08','Fechado',1,5,11,'1245','Rafael Pereira',1,'Pedido de novo utilizador','Carlos Cota','Escola Básica Secundária Vila Franca Campo','Carlos Cota','Sem ficheiro.'),(228,'<p>&nbsp;</p>\r\n<p>&nbsp;</p>\r\n<p><strong>Teste teste teste teste&nbsp;</strong></p>\r\n<p>Teste teste teste teste&nbsp;</p>\r\n<p>&nbsp;</p>\r\n<p>Teste teste teste teste&nbsp;&nbsp;</p>','2024-05-09','Fechado',19,5,2,'1245','Rafael Jerónimo',1,'Ticket geral','Carlos Cota','EBS Santa Maria','Carlos Cota','Sem ficheiro.'),(229,'<p>teste&nbsp;</p>','2024-05-10','Fechado',19,5,2,'1752','Rafael Jerónimo',1,'novo ticket teste','Carlos Cota','EBI dos Biscoitos','Carlos Cota','Sem ficheiro.'),(230,'<table border=\"1\">\r\n<tbody>\r\n<tr>\r\n<th>Nome completo</th>\r\n<th>User</th>\r\n</tr>\r\n<tr>\r\n<td>testete</td>\r\n<td>1234</td>\r\n</tr>\r\n</tbody>\r\n</table>','2024-05-10','Fechado',1,5,12,'123123','Rafael Pereira',1,'teste','Carlos Cota','EBI da Praia da Vitória','Carlos Cota','Sem ficheiro.'),(231,'<table border=\"1\">\r\n<tbody>\r\n<tr>\r\n<th>Nome completo</th>\r\n<th>NIF</th>\r\n<th>Data de nascimento</th>\r\n</tr>\r\n<tr>\r\n<td>Roger</td>\r\n<td>01923810</td>\r\n<td>10/09/02</td>\r\n</tr>\r\n</tbody>\r\n</table>','2024-05-15','Fechado',19,5,4,'102356','Rafael Jerónimo',1,'Teste ticket 1234','Carlos Cota','ES Manuel Arriaga','Carlos Cota','Sem ficheiro.'),(232,'<p>teste teste&nbsp;</p>','2024-05-21','Fechado',2,5,2,'1234','admin',1,'Teste ticket geral','Carlos Cota','DRAC','Carlos Cota','EscolasHELPDESK.xlsx'),(233,'<p>teste ticket</p>','2024-05-21','Fechado',19,5,2,'175','Rafael Jerónimo',1,'teste teste ','Carlos Cota','ES Jerónimo Emiliano Andrade','Carlos Cota','criacao_conta-template.xlsx'),(234,'<p>asdasdsa</p>','2024-05-23','Fechado',19,5,2,'1758','Rafael Jerónimo',1,'rarew','Carlos Cota','EBS Santa Maria','Carlos Cota','Sem ficheiro.'),(235,'<table border=\"1\">\r\n<tbody>\r\n<tr>\r\n<th>Nome completo</th>\r\n<th>NIF</th>\r\n<th>Data de nascimento</th>\r\n</tr>\r\n<tr>\r\n<td>tesre</td>\r\n<td>123456789</td>\r\n<td>1-1-2001</td>\r\n</tr>\r\n</tbody>\r\n</table>','2024-05-24','Aberto',10,NULL,4,'310385','Elisabete Martins',1,'criação de conta EDU',NULL,'EBS da Graciosa',NULL,'Sem ficheiro.'),(236,'<p>teste</p>','2024-05-24','Aberto',19,NULL,33,'111111','Rafael Jerónimo',2,'teste',NULL,'-',NULL,'Sem ficheiro.'),(237,'<p>teste</p>','2024-05-24','Fechado',5,5,2,'390385','Carlos Cota',1,'teste','Carlos Cota','-','Carlos Cota','Sem ficheiro.');
/*!40000 ALTER TABLE `tickets` ENABLE KEYS */;
UNLOCK TABLES;

--
-- Table structure for table `users`
--

DROP TABLE IF EXISTS `users`;
/*!40101 SET @saved_cs_client     = @@character_set_client */;
/*!40101 SET character_set_client = utf8 */;
CREATE TABLE `users` (
  `id` int(11) NOT NULL AUTO_INCREMENT,
  `name` varchar(255) NOT NULL,
  `password` varchar(255) NOT NULL,
  `type` varchar(50) DEFAULT NULL,
  `created_at` timestamp NULL DEFAULT current_timestamp(),
  `group_id` int(11) DEFAULT NULL,
  `email` varchar(255) DEFAULT NULL,
  `uo` varchar(255) DEFAULT NULL,
  PRIMARY KEY (`id`),
  UNIQUE KEY `email` (`email`),
  KEY `fk_group_id` (`group_id`),
  CONSTRAINT `fk_group_id` FOREIGN KEY (`group_id`) REFERENCES `Groups` (`id`)
) ENGINE=InnoDB AUTO_INCREMENT=391 DEFAULT CHARSET=utf8mb4 COLLATE=utf8mb4_general_ci;
/*!40101 SET character_set_client = @saved_cs_client */;

--
-- Dumping data for table `users`
--

LOCK TABLES `users` WRITE;
/*!40000 ALTER TABLE `users` DISABLE KEYS */;
INSERT INTO `users` VALUES (1,'Rafael Pereira','5e884898da28047151d0e56f8dc6292773603d0d6aabbdd62a11ef721d1542d8','user','2024-03-27 12:57:43',NULL,'rafael.b.pereira@azores.gov.pt','EBSLP'),(2,'admin','admin_password','admin','2024-03-27 17:06:41',1,'rafaelpereira0808@gmail.com','srec-nit'),(3,'Pedro Santos','59886fe3e4a390d23717ffc12004fdf754df4084ff23d7be65130205b865926e','admin','2024-04-02 11:55:34',2,'Pedro.MM.Santos2@azores.gov.pt','srec-nit'),(4,'Luis Martins','59886fe3e4a390d23717ffc12004fdf754df4084ff23d7be65130205b865926e','admin','2024-04-02 11:55:46',2,'Luis.FL.Martins@azores.gov.pt','srec-nit'),(5,'Carlos Cota','7f96866dca735bf4049203b085edda9cfb3567fe6393486e7db8397c6098160a','admin','2024-04-02 11:55:59',1,'Carlos.AE.Cota@azores.gov.pt','srec-nit'),(8,'Antonio Santos','3648ed3e6a1b65f418fabd1b2e61c8a2fd757fa3d6b5eeb17e9ba564f3a838ad','admin','2024-04-09 15:43:49',1,'Antonio.JC.Santos@azores.gov.pt',NULL),(9,'Teresa Cota','59886fe3e4a390d23717ffc12004fdf754df4084ff23d7be65130205b865926e','admin','2024-04-09 15:53:27',1,'Teresa.JL.Cota@azores.gov.pt',NULL),(10,'Elisabete Martins','59886fe3e4a390d23717ffc12004fdf754df4084ff23d7be65130205b865926e','admin','2024-04-09 15:55:49',1,'Elisabete.MS.Martins@azores.gov.pt',NULL),(11,'Maria da Conceição Duarte','59886fe3e4a390d23717ffc12004fdf754df4084ff23d7be65130205b865926e','admin','2024-04-09 16:01:24',1,'Maria.CF.Duarte@azores.gov.pt',NULL),(15,'Rodrigo Silva','59886fe3e4a390d23717ffc12004fdf754df4084ff23d7be65130205b865926e','admin','2024-04-18 11:23:46',1,'Rodrigo.CP.Silva@azores.gov.pt',NULL),(16,'Duarte Pinto','4188939ff22cc3def262fb7829845c2919cea4747bdf2d15583c1f3f4ddeb842','admin','2024-04-22 15:08:57',3,'Duarte.PN.Pinto@azores.gov.pt',NULL),(19,'Rafael Jerónimo','59886fe3e4a390d23717ffc12004fdf754df4084ff23d7be65130205b865926e','user','2024-04-24 14:43:55',1,'rafaeljeronimo@edu.azores.gov.pt',NULL),(24,'CE-Nordeste','59886fe3e4a390d23717ffc12004fdf754df4084ff23d7be65130205b865926e','user','2024-05-08 16:34:37',NULL,'ceebs.nordeste@edu.azores.gov.pt',NULL),(25,'CE-RibeiraGrande','59886fe3e4a390d23717ffc12004fdf754df4084ff23d7be65130205b865926e','user','2024-05-08 16:35:13',NULL,'ceebi.ribeiragrande@edu.azores.gov.pt',NULL),(26,'CE-EbiMaia','59886fe3e4a390d23717ffc12004fdf754df4084ff23d7be65130205b865926e','user','2024-05-08 16:38:44',NULL,'ceebi.maia@edu.azores.gov.pt',NULL),(27,'CE-Capelas','59886fe3e4a390d23717ffc12004fdf754df4084ff23d7be65130205b865926e','user','2024-05-08 16:38:59',NULL,'ceebi.capelas@edu.azores.gov.pt',NULL),(28,'CE-Laranjeiras','59886fe3e4a390d23717ffc12004fdf754df4084ff23d7be65130205b865926e','user','2024-05-08 16:39:29',NULL,'cees.laranjeiras@edu.azores.gov.pt',NULL),(29,'CE-Arrifes','59886fe3e4a390d23717ffc12004fdf754df4084ff23d7be65130205b865926e','user','2024-05-08 16:39:39',NULL,'CEebi.Arrifes@edu.azores.gov.pt',NULL),(30,'CE-ConservatóriaRPD','59886fe3e4a390d23717ffc12004fdf754df4084ff23d7be65130205b865926e','user','2024-05-08 16:40:20',NULL,'ce.crpd@edu.azores.gov.pt',NULL),(31,'CE-ÁguaP','59886fe3e4a390d23717ffc12004fdf754df4084ff23d7be65130205b865926e','user','2024-05-08 16:41:10',NULL,'ceebi.aguapau@edu.azores.gov.pt',NULL),(32,'CE-Lagoa','59886fe3e4a390d23717ffc12004fdf754df4084ff23d7be65130205b865926e','user','2024-05-08 16:41:23',NULL,'cees.lagoa@edu.azores.gov.pt',NULL),(33,'CE-AnteroQuental','59886fe3e4a390d23717ffc12004fdf754df4084ff23d7be65130205b865926e','user','2024-05-08 16:41:42',NULL,'cees.anteroquental@edu.azores.gov.pt',NULL),(34,'CE-RobertoIvens','59886fe3e4a390d23717ffc12004fdf754df4084ff23d7be65130205b865926e','user','2024-05-08 16:42:00',NULL,'ceebi.robertoivens@edu.azores.gov.pt',NULL),(35,'CE-EsRibeiraGrande','59886fe3e4a390d23717ffc12004fdf754df4084ff23d7be65130205b865926e','user','2024-05-08 16:42:43',NULL,'cees.ribeiragrande@edu.azores.gov.pt',NULL),(36,'CE-RaboPeixe','59886fe3e4a390d23717ffc12004fdf754df4084ff23d7be65130205b865926e','user','2024-05-08 16:43:02',NULL,'ceebi.rabopeixe@edu.azores.gov.pt',NULL),(37,'CE-PontaGarça','59886fe3e4a390d23717ffc12004fdf754df4084ff23d7be65130205b865926e','user','2024-05-08 16:43:19',NULL,'ceebi.pontagarca@edu.azores.gov.pt',NULL),(38,'CE-EbiLagoa','59886fe3e4a390d23717ffc12004fdf754df4084ff23d7be65130205b865926e','user','2024-05-08 16:43:42',NULL,'ceebi.lagoa@edu.azores.gov.pt',NULL),(39,'CE-DomingosRebelo','59886fe3e4a390d23717ffc12004fdf754df4084ff23d7be65130205b865926e','user','2024-05-08 16:43:59',NULL,'cees.domingosrebelo@edu.azores.gov.pt',NULL),(40,'CE-CantoMaia','59886fe3e4a390d23717ffc12004fdf754df4084ff23d7be65130205b865926e','user','2024-05-08 16:44:14',NULL,'ceebi.cantomaia@edu.azores.gov.pt',NULL),(41,'CE-Ginetes','59886fe3e4a390d23717ffc12004fdf754df4084ff23d7be65130205b865926e','user','2024-05-08 16:44:28',NULL,'ceebi.ginetes@edu.azores.gov.pt',NULL),(42,'CE-Povoacao','59886fe3e4a390d23717ffc12004fdf754df4084ff23d7be65130205b865926e','user','2024-05-08 16:44:45',NULL,'ceebs.Povoacao@edu.azores.gov.pt',NULL),(43,'CE-ArmandoCortes-Rodrigues','59886fe3e4a390d23717ffc12004fdf754df4084ff23d7be65130205b865926e','user','2024-05-08 16:45:08',NULL,'ceebs.armandocortesrodrigues@edu.azores.gov.pt',NULL),(44,'CE-ESJeónimo Emiliano Andrade','59886fe3e4a390d23717ffc12004fdf754df4084ff23d7be65130205b865926e','user','2024-05-09 14:46:07',NULL,'cees.jea@edu.azores.gov.pt',NULL),(45,'CE-EBI Biscoitos','59886fe3e4a390d23717ffc12004fdf754df4084ff23d7be65130205b865926e','user','2024-05-09 14:46:31',NULL,'ceebi.biscoitos@edu.azores.gov.pt',NULL),(46,'CE-ES Vitorino Nemésio','59886fe3e4a390d23717ffc12004fdf754df4084ff23d7be65130205b865926e','user','2024-05-09 14:46:54',NULL,'cees.vinemesio@edu.azores.gov.pt',NULL),(47,'CE-EBI Praia da Vitoria','59886fe3e4a390d23717ffc12004fdf754df4084ff23d7be65130205b865926e','user','2024-05-09 14:47:14',NULL,'ceebi.praiadavitoria@edu.azores.gov.pt',NULL),(48,'CE-EBS Tomás de Borba','59886fe3e4a390d23717ffc12004fdf754df4084ff23d7be65130205b865926e','user','2024-05-09 14:48:07',NULL,'Ceebs.T.Borba@edu.azores.gov.pt',NULL),(49,'CE-EBI de Angra do Heroísmo','59886fe3e4a390d23717ffc12004fdf754df4084ff23d7be65130205b865926e','user','2024-05-09 14:48:30',NULL,'ceebi.AngraHeroismo@edu.azores.gov.pt',NULL),(50,'CE-EBIFFD','59886fe3e4a390d23717ffc12004fdf754df4084ff23d7be65130205b865926e','user','2024-05-09 14:48:48',NULL,'ceebi.franciscoferreiradrummond@edu.azores.gov.pt',NULL),(51,'CE-EBI Horta','59886fe3e4a390d23717ffc12004fdf754df4084ff23d7be65130205b865926e','user','2024-05-09 14:49:05',NULL,'CEebi.Horta@edu.azores.gov.pt',NULL),(52,'CE-ESMA','59886fe3e4a390d23717ffc12004fdf754df4084ff23d7be65130205b865926e','user','2024-05-09 14:49:27',NULL,'CEes.ManuelArriaga@edu.azores.gov.pt',NULL),(53,'CE-EBS Lajes do Pico','59886fe3e4a390d23717ffc12004fdf754df4084ff23d7be65130205b865926e','user','2024-05-09 14:49:46',NULL,'ceebs.lajespico@edu.azores.gov.pt',NULL),(54,'CE-EBSSRP','59886fe3e4a390d23717ffc12004fdf754df4084ff23d7be65130205b865926e','user','2024-05-09 14:51:02',NULL,'CEebs.SaoRoquePico@edu.azores.gov.pt',NULL),(55,'CE-EBS da Madalena','59886fe3e4a390d23717ffc12004fdf754df4084ff23d7be65130205b865926e','user','2024-05-09 14:51:22',NULL,'ceebs.madalena@edu.azores.gov.pt',NULL),(56,'CE-EBSV','59886fe3e4a390d23717ffc12004fdf754df4084ff23d7be65130205b865926e','user','2024-05-09 14:51:47',NULL,'CEebs.Velas@edu.azores.gov.pt',NULL),(57,'CE-EBS da Calheta','59886fe3e4a390d23717ffc12004fdf754df4084ff23d7be65130205b865926e','user','2024-05-09 14:52:04',NULL,'CEebs.Calheta@edu.azores.gov.pt',NULL),(58,'CE-EBI Topo','59886fe3e4a390d23717ffc12004fdf754df4084ff23d7be65130205b865926e','user','2024-05-09 14:52:19',NULL,'CEebi.Topo@edu.azores.gov.pt',NULL),(59,'CE-EBS da Graciosa','59886fe3e4a390d23717ffc12004fdf754df4084ff23d7be65130205b865926e','user','2024-05-09 14:52:36',NULL,'ceebs.graciosa@edu.azores.gov.pt',NULL),(60,'CE-EBS+LAJES Flores','59886fe3e4a390d23717ffc12004fdf754df4084ff23d7be65130205b865926e','user','2024-05-09 14:53:18',NULL,'CEebs.Flores@edu.azores.gov.pt',NULL),(61,'CE-EBS Mouzinho Silveira','59886fe3e4a390d23717ffc12004fdf754df4084ff23d7be65130205b865926e','user','2024-05-09 14:53:44',NULL,'CEebs.MouzinhodaSilveira@edu.azores.gov.pt',NULL),(62,'Milton Rodrigues','59886fe3e4a390d23717ffc12004fdf754df4084ff23d7be65130205b865926e','user','2024-05-09 14:58:14',NULL,'Milton.FV.Rodrigues@edu.azores.gov.pt',NULL),(63,'Paulo Machado','59886fe3e4a390d23717ffc12004fdf754df4084ff23d7be65130205b865926e','user','2024-05-09 14:59:06',NULL,'Paulo.CB.Machado@edu.azores.gov.pt',NULL),(64,'Pedro Silva','59886fe3e4a390d23717ffc12004fdf754df4084ff23d7be65130205b865926e','user','2024-05-09 14:59:19',NULL,'pedro.mb.silva@edu.azores.gov.pt',NULL),(65,'Higinio Espada','59886fe3e4a390d23717ffc12004fdf754df4084ff23d7be65130205b865926e','user','2024-05-09 14:59:33',NULL,'Higino.AG.Espada@edu.azores.gov.pt',NULL),(66,'Eugénio Ferreira','59886fe3e4a390d23717ffc12004fdf754df4084ff23d7be65130205b865926e','user','2024-05-09 14:59:47',NULL,'Eugenio.SV.Ferreira@edu.azores.gov.pt',NULL),(67,'Hernâni Nascimento','59886fe3e4a390d23717ffc12004fdf754df4084ff23d7be65130205b865926e','user','2024-05-09 15:00:10',NULL,'Hernani.AP.Nascimento@edu.azores.gov.pt',NULL),(68,'Bruno Lopes','59886fe3e4a390d23717ffc12004fdf754df4084ff23d7be65130205b865926e','user','2024-05-09 15:01:40',NULL,'Bruno.MP.Lopes@edu.azores.gov.pt',NULL),(69,'Marianela Fortuna ','59886fe3e4a390d23717ffc12004fdf754df4084ff23d7be65130205b865926e','user','2024-05-09 15:02:08',NULL,'Marianela.PS.Fortuna@edu.azores.gov.pt',NULL),(70,'António Onofre ','59886fe3e4a390d23717ffc12004fdf754df4084ff23d7be65130205b865926e','user','2024-05-09 15:03:09',NULL,'Antonio.JP.Onofre@edu.azores.gov.pt',NULL),(71,'Pedro Tavares','59886fe3e4a390d23717ffc12004fdf754df4084ff23d7be65130205b865926e','user','2024-05-09 15:03:24',NULL,'Pedro.MSousa.Tavares@edu.azores.gov.pt',NULL),(72,'Luis Melo','59886fe3e4a390d23717ffc12004fdf754df4084ff23d7be65130205b865926e','user','2024-05-09 15:03:54',NULL,'luis.fc.melo@edu.azores.gov.pt',NULL),(73,'Bruno Godinho','59886fe3e4a390d23717ffc12004fdf754df4084ff23d7be65130205b865926e','user','2024-05-09 15:04:07',NULL,'bruno.mb.godinho@edu.azores.gov.pt',NULL),(74,'Samuel Aguiar','59886fe3e4a390d23717ffc12004fdf754df4084ff23d7be65130205b865926e','user','2024-05-09 15:04:22',NULL,'Samuel.A.Aguiar@edu.azores.gov.pt',NULL),(75,'Claudio Dinis','59886fe3e4a390d23717ffc12004fdf754df4084ff23d7be65130205b865926e','user','2024-05-09 15:04:38',NULL,'Claudio.M.Dinis@edu.azores.gov.pt',NULL),(76,'David Fagundes','59886fe3e4a390d23717ffc12004fdf754df4084ff23d7be65130205b865926e','user','2024-05-09 15:05:08',NULL,'david.jf.fagundes@edu.azores.gov.pt',NULL),(77,'Flávio Godinho','59886fe3e4a390d23717ffc12004fdf754df4084ff23d7be65130205b865926e','user','2024-05-09 15:05:27',NULL,'flavio.mp.godinho@edu.azores.gov.pt',NULL),(78,'Diogo Rodrigues','59886fe3e4a390d23717ffc12004fdf754df4084ff23d7be65130205b865926e','user','2024-05-09 15:05:40',NULL,'Diogo.MF.Rodrigues@edu.azores.gov.pt',NULL),(79,'Sérgio Dias','59886fe3e4a390d23717ffc12004fdf754df4084ff23d7be65130205b865926e','user','2024-05-09 15:05:54',NULL,'Sergio.MG.Dias@edu.azores.gov.pt',NULL),(80,'Jorge Terra','59886fe3e4a390d23717ffc12004fdf754df4084ff23d7be65130205b865926e','user','2024-05-09 15:06:06',NULL,'Jorge.CB.Terra@edu.azores.gov.pt',NULL),(81,'Norberto Vargas','59886fe3e4a390d23717ffc12004fdf754df4084ff23d7be65130205b865926e','user','2024-05-09 15:06:18',NULL,'Norberto.D.Vargas@edu.azores.gov.pt',NULL),(82,'Tiago Matos','59886fe3e4a390d23717ffc12004fdf754df4084ff23d7be65130205b865926e','user','2024-05-09 15:06:30',NULL,'Tiago.AM.Matos@edu.azores.gov.pt',NULL),(83,'António Pimentel','59886fe3e4a390d23717ffc12004fdf754df4084ff23d7be65130205b865926e','user','2024-05-09 15:06:47',NULL,'antonio.cgp.pimentel@edu.azores.gov.pt',NULL),(84,'Hélder Silva','59886fe3e4a390d23717ffc12004fdf754df4084ff23d7be65130205b865926e','user','2024-05-09 15:07:10',NULL,'Helder.LN.Silva@edu.azores.gov.pt',NULL),(85,'Paulo Soares','59886fe3e4a390d23717ffc12004fdf754df4084ff23d7be65130205b865926e','user','2024-05-09 15:07:23',NULL,'paulo.ac.soares.@edu.azores.gov.pt',NULL),(86,'Nádia Cabeceira','59886fe3e4a390d23717ffc12004fdf754df4084ff23d7be65130205b865926e','user','2024-05-09 15:07:38',NULL,'Nadia.ME.Cabeceira@edu.azores.gov.pt',NULL),(91,'Rui Silveira','59886fe3e4a390d23717ffc12004fdf754df4084ff23d7be65130205b865926e','user','2024-05-22 15:04:34',NULL,'rui.ac.silveira@edu.azores.gov.pt',NULL),(92,'Alexandre Fidalgo','59886fe3e4a390d23717ffc12004fdf754df4084ff23d7be65130205b865926e','user','2024-05-22 15:04:56',NULL,'Alexandre.MCP.Fidalgo@edu.azores.gov.pt',NULL),(93,'André Sousa','59886fe3e4a390d23717ffc12004fdf754df4084ff23d7be65130205b865926e','user','2024-05-22 15:05:16',NULL,'andre.c.sousa@edu.azores.gov.pt',NULL),(94,'Ricardo Borges','59886fe3e4a390d23717ffc12004fdf754df4084ff23d7be65130205b865926e','user','2024-05-22 15:05:31',NULL,'Ricardo.JPM.Borges@edu.azores.gov.pt',NULL),(95,'Edgardo Cabral','59886fe3e4a390d23717ffc12004fdf754df4084ff23d7be65130205b865926e','user','2024-05-22 15:05:45',NULL,'Edgardo.RC.Cabral@edu.azores.gov.pt',NULL),(96,'João Silva','59886fe3e4a390d23717ffc12004fdf754df4084ff23d7be65130205b865926e','user','2024-05-22 15:06:00',NULL,'Joao.PA.Silva@edu.azores.gov.pt',NULL),(97,'Nuno Tavares','59886fe3e4a390d23717ffc12004fdf754df4084ff23d7be65130205b865926e','user','2024-05-22 15:06:16',NULL,'Nuno.FM.Tavares@edu.azores.gov.pt',NULL),(98,'Pedro Gregório','59886fe3e4a390d23717ffc12004fdf754df4084ff23d7be65130205b865926e','user','2024-05-22 15:06:31',NULL,'Pedro.MS.Gregorio@edu.azores.gov.pt',NULL),(99,'Nelson Serpa','59886fe3e4a390d23717ffc12004fdf754df4084ff23d7be65130205b865926e','user','2024-05-22 15:06:45',NULL,'Nelson.M.Serpa@edu.azores.gov.pt',NULL),(100,'Paulo Sousa ','59886fe3e4a390d23717ffc12004fdf754df4084ff23d7be65130205b865926e','user','2024-05-23 09:46:17',NULL,'Paulo.JF.sousa@edu.azores.gov.pt',NULL),(101,'Nélia Miranda','59886fe3e4a390d23717ffc12004fdf754df4084ff23d7be65130205b865926e','user','2024-05-23 09:46:40',NULL,'Nelia.MC.Miranda@edu.azores.gov.pt',NULL),(102,'Paulo Macedo','59886fe3e4a390d23717ffc12004fdf754df4084ff23d7be65130205b865926e','user','2024-05-23 09:46:52',NULL,'Paulo.FBF.Macedo@edu.azores.gov.pt',NULL),(103,'Odilardo Rodrigues','59886fe3e4a390d23717ffc12004fdf754df4084ff23d7be65130205b865926e','user','2024-05-23 09:47:15',NULL,'Odilardo.MV.Rodrigues@edu.azores.gov.pt',NULL),(104,'Fernando Pereira','59886fe3e4a390d23717ffc12004fdf754df4084ff23d7be65130205b865926e','user','2024-05-23 09:47:37',NULL,'Fernando.AG.Pereira@edu.azores.gov.pt',NULL),(105,'Ana Benevides','59886fe3e4a390d23717ffc12004fdf754df4084ff23d7be65130205b865926e','user','2024-05-23 09:47:50',NULL,'ana.po.benevides@edu.azores.gov.pt',NULL),(106,'João Campos','59886fe3e4a390d23717ffc12004fdf754df4084ff23d7be65130205b865926e','user','2024-05-23 09:48:10',NULL,'Joao.ARM.Campos@edu.azores.gov.pt',NULL),(107,'Paulo Martins','59886fe3e4a390d23717ffc12004fdf754df4084ff23d7be65130205b865926e','user','2024-05-23 09:48:51',NULL,'Paulo.ASB.Martins@edu.azores.gov.pt',NULL),(108,'Filipa Gouveia','59886fe3e4a390d23717ffc12004fdf754df4084ff23d7be65130205b865926e','user','2024-05-23 09:49:11',NULL,'Filipa.CSRB.Gouveia@edu.azores.gov.pt',NULL),(109,'Pedro Melo','59886fe3e4a390d23717ffc12004fdf754df4084ff23d7be65130205b865926e','user','2024-05-23 09:49:24',NULL,'Pedro.JF.Melo@edu.azores.gov.pt',NULL),(110,'Ana Batista','59886fe3e4a390d23717ffc12004fdf754df4084ff23d7be65130205b865926e','user','2024-05-23 09:49:36',NULL,'Ana.IC.Batista@edu.azores.gov.pt',NULL),(111,'Hélia Lima ','59886fe3e4a390d23717ffc12004fdf754df4084ff23d7be65130205b865926e','user','2024-05-23 09:49:51',NULL,'helia.cb.lima@edu.azores.gov.pt',NULL),(112,'Carlos Cunha','59886fe3e4a390d23717ffc12004fdf754df4084ff23d7be65130205b865926e','user','2024-05-23 09:50:13',NULL,'carlos.jrbs.cunha@edu.azores.gov.pt',NULL),(113,'Susana Reis','59886fe3e4a390d23717ffc12004fdf754df4084ff23d7be65130205b865926e','user','2024-05-23 09:50:26',NULL,'Susana.AC.Reis@edu.azores.gov.pt',NULL),(114,'Pedro Amorim','59886fe3e4a390d23717ffc12004fdf754df4084ff23d7be65130205b865926e','user','2024-05-23 09:50:40',NULL,'Pedro.MF.Amorim@edu.azores.gov.pt',NULL),(115,'Joseph Medeiros','59886fe3e4a390d23717ffc12004fdf754df4084ff23d7be65130205b865926e','user','2024-05-23 09:51:06',NULL,'joseph.l.medeiros@edu.azores.gov.pt',NULL),(116,'Nuno Bonito','59886fe3e4a390d23717ffc12004fdf754df4084ff23d7be65130205b865926e','user','2024-05-23 09:51:57',NULL,'Nuno.VP.Bonito@edu.azores.gov.pt',NULL),(117,'Suzete Amaral','59886fe3e4a390d23717ffc12004fdf754df4084ff23d7be65130205b865926e','user','2024-05-23 09:52:11',NULL,'Suzete.MT.Amaral@edu.azores.gov.pt',NULL),(118,'Natércia Ferreira','59886fe3e4a390d23717ffc12004fdf754df4084ff23d7be65130205b865926e','user','2024-05-23 09:52:29',NULL,'Natercia.CB.Ferreira@edu.azores.gov.pt',NULL),(119,'Antonio Barata','59886fe3e4a390d23717ffc12004fdf754df4084ff23d7be65130205b865926e','user','2024-05-23 09:52:50',NULL,'Antonio.JR.Barata@edu.azores.gov.pt',NULL),(120,'Luís Dinis','59886fe3e4a390d23717ffc12004fdf754df4084ff23d7be65130205b865926e','user','2024-05-23 09:53:29',NULL,'Luis.MMO.Dinis@edu.azores.gov.pt',NULL),(121,'João Rocha','59886fe3e4a390d23717ffc12004fdf754df4084ff23d7be65130205b865926e','user','2024-05-23 09:53:43',NULL,'Joao.CF.Rocha@edu.azores.gov.pt',NULL),(122,'Sancho Cabo','59886fe3e4a390d23717ffc12004fdf754df4084ff23d7be65130205b865926e','user','2024-05-23 09:54:04',NULL,'Sancho.FM.Cabo@edu.azores.gov.pt',NULL),(123,'Paulo Valadão ','59886fe3e4a390d23717ffc12004fdf754df4084ff23d7be65130205b865926e','user','2024-05-23 09:54:17',NULL,'paulo.jp.valadao@edu.azores.gov.pt',NULL),(124,'Ricardo Vieira','59886fe3e4a390d23717ffc12004fdf754df4084ff23d7be65130205b865926e','user','2024-05-23 09:54:29',NULL,'Ricardo.JG.Vieira@edu.azores.gov.pt',NULL),(125,'João Araújo','59886fe3e4a390d23717ffc12004fdf754df4084ff23d7be65130205b865926e','user','2024-05-23 09:54:44',NULL,'Joao.LA.Araujo@edu.azores.gov.pt',NULL),(126,'José Oliveira','59886fe3e4a390d23717ffc12004fdf754df4084ff23d7be65130205b865926e','user','2024-05-23 09:54:57',NULL,'Jose.CS.Oliveira@edu.azores.gov.pt',NULL),(127,'José Sousa','59886fe3e4a390d23717ffc12004fdf754df4084ff23d7be65130205b865926e','user','2024-05-23 09:55:09',NULL,'Jose.RR.Sousa@edu.azores.gov.pt',NULL),(128,'Lidia Simao','59886fe3e4a390d23717ffc12004fdf754df4084ff23d7be65130205b865926e','user','2024-05-23 09:55:26',NULL,'lidia.cf.simao@edu.azores.gov.pt',NULL),(129,'Valter Nunes','59886fe3e4a390d23717ffc12004fdf754df4084ff23d7be65130205b865926e','user','2024-05-23 09:55:41',NULL,'Valter.IV.Nunes@edu.azores.gov.pt',NULL),(130,'Paulo Oliveira','59886fe3e4a390d23717ffc12004fdf754df4084ff23d7be65130205b865926e','user','2024-05-23 09:56:18',NULL,'Paulo.MS.Oliveira@edu.azores.gov.pt',NULL),(131,'Silvia Machado','59886fe3e4a390d23717ffc12004fdf754df4084ff23d7be65130205b865926e','user','2024-05-23 09:56:30',NULL,'silvia.fbm.machado@edu.azores.gov.pt',NULL),(132,'Sandra Batista','59886fe3e4a390d23717ffc12004fdf754df4084ff23d7be65130205b865926e','user','2024-05-23 09:56:48',NULL,'sandra.cfm.batista@edu.azores.gov.pt',NULL),(133,'Isabel Ramos','59886fe3e4a390d23717ffc12004fdf754df4084ff23d7be65130205b865926e','user','2024-05-23 09:57:01',NULL,'Isabel.MJS.Ramos@edu.azores.gov.pt',NULL),(134,'Márcia Ambrósio ','59886fe3e4a390d23717ffc12004fdf754df4084ff23d7be65130205b865926e','user','2024-05-23 09:57:21',NULL,'Marcia.VAM.Ambrosio@edu.azores.gov.pt',NULL),(135,'Fernanda Melo','59886fe3e4a390d23717ffc12004fdf754df4084ff23d7be65130205b865926e','user','2024-05-23 09:57:32',NULL,'Fernanda.MSF.Melo@edu.azores.gov.pt',NULL),(136,'João Costa','59886fe3e4a390d23717ffc12004fdf754df4084ff23d7be65130205b865926e','user','2024-05-23 09:57:44',NULL,'Joao.PP.Costa@edu.azores.gov.pt',NULL),(137,'Bruno Nunes','59886fe3e4a390d23717ffc12004fdf754df4084ff23d7be65130205b865926e','user','2024-05-23 09:57:57',NULL,'Bruno.F.Nunes@edu.azores.gov.pt',NULL),(138,'Tânia Coelho','59886fe3e4a390d23717ffc12004fdf754df4084ff23d7be65130205b865926e','user','2024-05-23 09:58:11',NULL,'Tania.MS.Coelho@edu.azores.gov.pt',NULL),(139,'test_gra','59886fe3e4a390d23717ffc12004fdf754df4084ff23d7be65130205b865926e','user','2024-05-23 11:07:36',NULL,'test_gra@azores.gov.pt',NULL),(266,'Marlene da Silva Silveira Raposo','59886fe3e4a390d23717ffc12004fdf754df4084ff23d7be65130205b865926e','user','2024-05-24 15:15:49',NULL,'Marlene.SS.Raposo@azores.gov.pt',NULL),(267,'Armanda Maria Ramos Candeias Sampaio','59886fe3e4a390d23717ffc12004fdf754df4084ff23d7be65130205b865926e','user','2024-05-24 15:15:49',NULL,'Armanda.MR.Candeias@azores.gov.pt',NULL),(268,'Ana Paula Fagundes Alves','59886fe3e4a390d23717ffc12004fdf754df4084ff23d7be65130205b865926e','user','2024-05-24 15:15:49',NULL,'Ana.PF.Alves@azores.gov.pt',NULL),(269,'Lúcia Manuela da Silva Rosa','59886fe3e4a390d23717ffc12004fdf754df4084ff23d7be65130205b865926e','user','2024-05-24 15:15:49',NULL,'Lucia.MS.Rosa@azores.gov.pt',NULL),(270,'Maria Rita Carreiro da Silveira Gonçalves','59886fe3e4a390d23717ffc12004fdf754df4084ff23d7be65130205b865926e','user','2024-05-24 15:15:49',NULL,'Maria.RC.Goncalves@azores.gov.pt',NULL),(271,'Carlota Madalena dos Santos da Silva Barrote','59886fe3e4a390d23717ffc12004fdf754df4084ff23d7be65130205b865926e','user','2024-05-24 15:15:49',NULL,'Carlota.MSS.Barrote@azores.gov.pt',NULL),(272,'Maria da Conceição Oliveira da Silva Melo','59886fe3e4a390d23717ffc12004fdf754df4084ff23d7be65130205b865926e','user','2024-05-24 15:15:49',NULL,'Maria.CO.Melo@azores.gov.pt',NULL),(273,'Raquel Marisa Tomás Bettencourt','59886fe3e4a390d23717ffc12004fdf754df4084ff23d7be65130205b865926e','user','2024-05-24 15:15:49',NULL,'Raquel.MT.Bettencourt@azores.gov.pt',NULL),(274,'Dulce Maria Machado Toste','59886fe3e4a390d23717ffc12004fdf754df4084ff23d7be65130205b865926e','user','2024-05-24 15:15:49',NULL,'Dulce.MM.Toste@azores.gov.pt',NULL),(275,'Ana Isabel Teixeira Fagundes Barros','59886fe3e4a390d23717ffc12004fdf754df4084ff23d7be65130205b865926e','user','2024-05-24 15:15:49',NULL,'Ana.IT.Barros@azores.gov.pt',NULL),(276,'Carla Isabel Marques Sousa Cecílio Brasil','59886fe3e4a390d23717ffc12004fdf754df4084ff23d7be65130205b865926e','user','2024-05-24 15:15:49',NULL,'Carla.IM.Brasil@azores.gov.pt',NULL),(277,'Benvinda de Fátima Martins Fernandes Parreira','59886fe3e4a390d23717ffc12004fdf754df4084ff23d7be65130205b865926e','user','2024-05-24 15:15:49',NULL,'Benvinda.FM.Parreira@azores.gov.pt',NULL),(278,'Isa Sofia Bettencourt Cunha','59886fe3e4a390d23717ffc12004fdf754df4084ff23d7be65130205b865926e','user','2024-05-24 15:15:49',NULL,'Isa.SB.Cunha@azores.gov.pt',NULL),(279,'Jorgelina Maria Oliveira de Sousa Nunes','59886fe3e4a390d23717ffc12004fdf754df4084ff23d7be65130205b865926e','user','2024-05-24 15:15:49',NULL,'Jorgelina.MO.Nunes@azores.gov.pt',NULL),(280,'Joana de Sousa Correia da Cunha','59886fe3e4a390d23717ffc12004fdf754df4084ff23d7be65130205b865926e','user','2024-05-24 15:15:49',NULL,'Joana.SC.Cunha@azores.gov.pt',NULL),(281,'Anabela Borges Gonçalves da Rosa','59886fe3e4a390d23717ffc12004fdf754df4084ff23d7be65130205b865926e','user','2024-05-24 15:15:49',NULL,'Anabela.BG.Rosa@azores.gov.pt',NULL),(282,'Paulo Jorge Vieira da Rocha','59886fe3e4a390d23717ffc12004fdf754df4084ff23d7be65130205b865926e','user','2024-05-24 15:15:49',NULL,'Paulo.JV.Rocha@azores.gov.pt',NULL),(283,'José Humberto Farinha de Melo','59886fe3e4a390d23717ffc12004fdf754df4084ff23d7be65130205b865926e','user','2024-05-24 15:15:49',NULL,'Jose.HF.Melo@azores.gov.pt',NULL),(284,'Helena da Conceição Costa de Brito','59886fe3e4a390d23717ffc12004fdf754df4084ff23d7be65130205b865926e','user','2024-05-24 15:15:49',NULL,'Helena.CC.Brito@azores.gov.pt',NULL),(285,'Sónia Patrícia Coelho Ormonde','59886fe3e4a390d23717ffc12004fdf754df4084ff23d7be65130205b865926e','user','2024-05-24 15:15:49',NULL,'Sonia.PC.Ormonde@azores.gov.pt',NULL),(286,'Hermínia de Jesus Fernandes Teixeira Gaspar','59886fe3e4a390d23717ffc12004fdf754df4084ff23d7be65130205b865926e','user','2024-05-24 15:15:49',NULL,'Herminia.JF.Gaspar@azores.gov.pt',NULL),(287,'Roberto Manuel Pinheiro Dias','59886fe3e4a390d23717ffc12004fdf754df4084ff23d7be65130205b865926e','user','2024-05-24 15:15:49',NULL,'Roberto.MP.Dias@azores.gov.pt',NULL),(288,'Paulo Augusto Borges Almeida','59886fe3e4a390d23717ffc12004fdf754df4084ff23d7be65130205b865926e','user','2024-05-24 15:15:49',NULL,'Paulo.AB.Almeida@azores.gov.pt',NULL),(289,'António Fernando Toste Castro','59886fe3e4a390d23717ffc12004fdf754df4084ff23d7be65130205b865926e','user','2024-05-24 15:15:49',NULL,'Antonio.FT.Castro@azores.gov.pt',NULL),(290,'Andreia Rodrigues Lima','59886fe3e4a390d23717ffc12004fdf754df4084ff23d7be65130205b865926e','user','2024-05-24 15:15:49',NULL,'Andreia.R.Lima@azores.gov.pt',NULL),(291,'Filipa da Conceição Gomes da Silva','59886fe3e4a390d23717ffc12004fdf754df4084ff23d7be65130205b865926e','user','2024-05-24 15:15:49',NULL,'Filipa.CG.Silva@azores.gov.pt',NULL),(292,'Rui Manuel Baptista Martins','59886fe3e4a390d23717ffc12004fdf754df4084ff23d7be65130205b865926e','user','2024-05-24 15:15:49',NULL,'Rui.MB.Martins@azores.gov.pt',NULL),(293,'Maria Carmelo Gomes Faria Rocha Alves','59886fe3e4a390d23717ffc12004fdf754df4084ff23d7be65130205b865926e','user','2024-05-24 15:15:49',NULL,'Maria.CG.Alves@azores.gov.pt',NULL),(294,'António Henrique Borges da Costa','59886fe3e4a390d23717ffc12004fdf754df4084ff23d7be65130205b865926e','user','2024-05-24 15:15:49',NULL,'Antonio.HB.Costa@azores.gov.pt',NULL),(295,'Maria Teresa Costa Pereira dos Santos','59886fe3e4a390d23717ffc12004fdf754df4084ff23d7be65130205b865926e','user','2024-05-24 15:15:49',NULL,'Maria.TC.Santos@azores.gov.pt',NULL),(296,'Rita Alexandra Coelho Vilaça','59886fe3e4a390d23717ffc12004fdf754df4084ff23d7be65130205b865926e','user','2024-05-24 15:15:49',NULL,'Rita.AC.Vilaca@azores.gov.pt',NULL),(298,'Grimaneza Cordeiro Coutinho Mendes','59886fe3e4a390d23717ffc12004fdf754df4084ff23d7be65130205b865926e','user','2024-05-24 15:15:49',NULL,'Grimaneza.CC.Mendes@azores.gov.pt',NULL),(299,'Maria Manuela Sanches Borges','59886fe3e4a390d23717ffc12004fdf754df4084ff23d7be65130205b865926e','user','2024-05-24 15:15:49',NULL,'Maria.MS.Borges2@azores.gov.pt',NULL),(300,'Maria Meneses Ávila Melo','59886fe3e4a390d23717ffc12004fdf754df4084ff23d7be65130205b865926e','user','2024-05-24 15:15:49',NULL,'Maria.MA.Melo@azores.gov.pt',NULL),(301,'Maria Madalena da Costa Pacheco','59886fe3e4a390d23717ffc12004fdf754df4084ff23d7be65130205b865926e','user','2024-05-24 15:15:49',NULL,'Maria.MC.Pacheco@azores.gov.pt',NULL),(302,'Tânia Cristina da Silva Bettencourt Valadão','59886fe3e4a390d23717ffc12004fdf754df4084ff23d7be65130205b865926e','user','2024-05-24 15:15:49',NULL,'Tania.CS.Bettencourt@azores.gov.pt',NULL),(303,'Maria Ema Gomes da Silva','59886fe3e4a390d23717ffc12004fdf754df4084ff23d7be65130205b865926e','user','2024-05-24 15:15:49',NULL,'Ema.G.Silva@azores.gov.pt',NULL),(304,'Filipe Miguel Martins Alexandre','59886fe3e4a390d23717ffc12004fdf754df4084ff23d7be65130205b865926e','user','2024-05-24 15:15:49',NULL,'Filipe.MM.Alexandre@azores.gov.pt',NULL),(305,'Sandra Carla Morgado Goulart','59886fe3e4a390d23717ffc12004fdf754df4084ff23d7be65130205b865926e','user','2024-05-24 15:15:49',NULL,'Sandra.CM.Goulart@azores.gov.pt',NULL),(307,'Paulo Jorge Medeiros Novo Neves','59886fe3e4a390d23717ffc12004fdf754df4084ff23d7be65130205b865926e','user','2024-05-24 15:15:49',NULL,'Paulo.JM.Neves@azores.gov.pt',NULL),(308,'Ana Cláudia Bettencourt Amarante Veríssimo','59886fe3e4a390d23717ffc12004fdf754df4084ff23d7be65130205b865926e','user','2024-05-24 15:15:49',NULL,'Ana.CB.Verissimo@azores.gov.pt',NULL),(309,'Carolina Cunha Cabeceiras','59886fe3e4a390d23717ffc12004fdf754df4084ff23d7be65130205b865926e','user','2024-05-24 15:15:49',NULL,'Carolina.C.Cabeceiras@azores.gov.pt',NULL),(310,'Catarina de Fátima Costa Carvalho Viveiros','59886fe3e4a390d23717ffc12004fdf754df4084ff23d7be65130205b865926e','user','2024-05-24 15:15:49',NULL,'Catarina.FC.Viveiros@azores.gov.pt',NULL),(311,'Sofia Heleno Santos Roque Ribeiro','59886fe3e4a390d23717ffc12004fdf754df4084ff23d7be65130205b865926e','user','2024-05-24 15:15:49',NULL,'Sofia.HS.Ribeiro@azores.gov.pt',NULL),(312,'Paulo Manuel Ávila Cardoso','59886fe3e4a390d23717ffc12004fdf754df4084ff23d7be65130205b865926e','user','2024-05-24 15:15:49',NULL,'Paulo.MA.Cardoso@azores.gov.pt',NULL),(313,'Elisa Lima de Sousa','59886fe3e4a390d23717ffc12004fdf754df4084ff23d7be65130205b865926e','user','2024-05-24 15:15:49',NULL,'Elisa.L.Sousa@azores.gov.pt',NULL),(314,'Lídia de Fátima Rocha de Melo','59886fe3e4a390d23717ffc12004fdf754df4084ff23d7be65130205b865926e','user','2024-05-24 15:15:49',NULL,'Lidia.FR.Melo@azores.gov.pt',NULL),(315,'Paulo Fernando de Borba de Sousa Lima','59886fe3e4a390d23717ffc12004fdf754df4084ff23d7be65130205b865926e','user','2024-05-24 15:15:49',NULL,'Paulo.FB.Lima@azores.gov.pt',NULL),(316,'Herculano Manuel do Couto Godinho','59886fe3e4a390d23717ffc12004fdf754df4084ff23d7be65130205b865926e','user','2024-05-24 15:15:49',NULL,'Herculano.MC.Godinho@azores.gov.pt',NULL),(317,'Orivaldo Manuel Bettencourt da Costa Chaves','59886fe3e4a390d23717ffc12004fdf754df4084ff23d7be65130205b865926e','user','2024-05-24 15:15:49',NULL,'Orivaldo.MB.Chaves@azores.gov.pt',NULL),(318,'Nuno António de Bettencourt Gomes','59886fe3e4a390d23717ffc12004fdf754df4084ff23d7be65130205b865926e','user','2024-05-24 15:15:49',NULL,'Nuno.AB.Gomes@azores.gov.pt',NULL),(319,'Paulo Jorge da Silva Pereira','59886fe3e4a390d23717ffc12004fdf754df4084ff23d7be65130205b865926e','user','2024-05-24 15:15:49',NULL,'Paulo.JS.Pereira@azores.gov.pt',NULL),(320,'João Paulo Rodrigues Barbosa','59886fe3e4a390d23717ffc12004fdf754df4084ff23d7be65130205b865926e','user','2024-05-24 15:15:49',NULL,'Joao.PR.Barbosa@azores.gov.pt',NULL),(321,'Agostinho Tavares Fernandes Martins','59886fe3e4a390d23717ffc12004fdf754df4084ff23d7be65130205b865926e','user','2024-05-24 15:15:49',NULL,'Agostinho.TF.Martins@azores.gov.pt',NULL),(322,'Maria Guiomar Horta Lopes','59886fe3e4a390d23717ffc12004fdf754df4084ff23d7be65130205b865926e','user','2024-05-24 15:15:49',NULL,'Maria.GH.Lopes@azores.gov.pt',NULL),(323,'Adelino Manuel Martins Costa','59886fe3e4a390d23717ffc12004fdf754df4084ff23d7be65130205b865926e','user','2024-05-24 15:15:49',NULL,'Adelino.MM.Costa@azores.gov.pt',NULL),(324,'Paula Cristina Ávila Pereira Nunes','59886fe3e4a390d23717ffc12004fdf754df4084ff23d7be65130205b865926e','user','2024-05-24 15:15:49',NULL,'Paula.CA.Nunes@azores.gov.pt',NULL),(325,'Delmina Maria Freitas Ormonde Borges','59886fe3e4a390d23717ffc12004fdf754df4084ff23d7be65130205b865926e','user','2024-05-24 15:15:49',NULL,'Delmina.MF.Borges@azores.gov.pt',NULL),(326,'Rui Jorge Ferreira','59886fe3e4a390d23717ffc12004fdf754df4084ff23d7be65130205b865926e','user','2024-05-24 15:15:49',NULL,'Rui.J.Ferreira@azores.gov.pt',NULL),(327,'Alda Maria Rodrigues Vicência Cota','59886fe3e4a390d23717ffc12004fdf754df4084ff23d7be65130205b865926e','user','2024-05-24 15:15:49',NULL,'Alda.MR.Vicencia@azores.gov.pt',NULL),(328,'Maria da Graça Rebelo Cunha','59886fe3e4a390d23717ffc12004fdf754df4084ff23d7be65130205b865926e','user','2024-05-24 15:15:49',NULL,'Maria.GR.Cunha@azores.gov.pt',NULL),(329,'Nélia Castro Couto Lopes','59886fe3e4a390d23717ffc12004fdf754df4084ff23d7be65130205b865926e','user','2024-05-24 15:15:49',NULL,'Nelia.CC.Lopes@azores.gov.pt',NULL),(330,'Carla Patrícia Mendes Ferreira Gusmão','59886fe3e4a390d23717ffc12004fdf754df4084ff23d7be65130205b865926e','user','2024-05-24 15:15:49',NULL,'Carla.PM.Gusmao@azores.gov.pt',NULL),(331,'Sandra Santos Silva','59886fe3e4a390d23717ffc12004fdf754df4084ff23d7be65130205b865926e','user','2024-05-24 15:15:49',NULL,'Sandra.PM.Silva@azores.gov.pt',NULL),(332,'Ana Maria Moreno Vaz Pereira da Costa','59886fe3e4a390d23717ffc12004fdf754df4084ff23d7be65130205b865926e','user','2024-05-24 15:15:49',NULL,'Ana.MM.Costa@azores.gov.pt',NULL),(333,'Laura Frederica Soares Lemos','59886fe3e4a390d23717ffc12004fdf754df4084ff23d7be65130205b865926e','user','2024-05-24 15:15:49',NULL,'Laura.FS.Lemos@azores.gov.pt',NULL),(334,'Sara Patricia Machado de Lima','59886fe3e4a390d23717ffc12004fdf754df4084ff23d7be65130205b865926e','user','2024-05-24 15:15:49',NULL,'Sara.PM.Lima@azores.gov.pt',NULL),(335,'Vítor Hugo Pereira Rocha','59886fe3e4a390d23717ffc12004fdf754df4084ff23d7be65130205b865926e','user','2024-05-24 15:15:49',NULL,'Vitor.HP.Rocha@azores.gov.pt',NULL),(336,'Joana Inês Rodrigues Vieira','59886fe3e4a390d23717ffc12004fdf754df4084ff23d7be65130205b865926e','user','2024-05-24 15:15:49',NULL,'Joana.IR.Vieira@azores.gov.pt',NULL),(337,'Andreia Filipa Gonçalves Simões','59886fe3e4a390d23717ffc12004fdf754df4084ff23d7be65130205b865926e','user','2024-05-24 15:15:49',NULL,'Andreia.FG.Simoes@azores.gov.pt',NULL),(338,'Catarina Isabel Leonardo Carvalho','59886fe3e4a390d23717ffc12004fdf754df4084ff23d7be65130205b865926e','user','2024-05-24 15:15:49',NULL,'Catarina.IL.Carvalho@azores.gov.pt',NULL),(339,'Eunice Maria Afonso Cândido Silveira','59886fe3e4a390d23717ffc12004fdf754df4084ff23d7be65130205b865926e','user','2024-05-24 15:15:49',NULL,'Eunice.MA.Silveira@azores.gov.pt',NULL),(340,'Susana Maria Cardoso Medeiros ','59886fe3e4a390d23717ffc12004fdf754df4084ff23d7be65130205b865926e','user','2024-05-24 15:15:49',NULL,'Susana.MC.Medeiros2@azores.gov.pt',NULL),(341,'Eduarda Lúcia Jarroca Rocha Castro','59886fe3e4a390d23717ffc12004fdf754df4084ff23d7be65130205b865926e','user','2024-05-24 15:15:49',NULL,'Eduarda.LJ.Castro@azores.gov.pt',NULL),(342,'Maria Graça Soares Cota Nunes','59886fe3e4a390d23717ffc12004fdf754df4084ff23d7be65130205b865926e','user','2024-05-24 15:15:49',NULL,'Maria.GS.Nunes@azores.gov.pt',NULL),(343,'Ana de Lurdes Ormonde Marques Mendes','59886fe3e4a390d23717ffc12004fdf754df4084ff23d7be65130205b865926e','user','2024-05-24 15:15:49',NULL,'Ana.LO.Mendes@azores.gov.pt',NULL),(344,'Nélia Maria Castro Lopes','59886fe3e4a390d23717ffc12004fdf754df4084ff23d7be65130205b865926e','user','2024-05-24 15:15:49',NULL,'Nelia.MC.Lopes@azores.gov.pt',NULL),(345,'Fátima Maria Lucas Branco Silveira','59886fe3e4a390d23717ffc12004fdf754df4084ff23d7be65130205b865926e','user','2024-05-24 15:15:49',NULL,'Fatima.ML.Silveira@azores.gov.pt',NULL),(346,'Umbelina Margarida da Costa Martins Sá Nogueira','59886fe3e4a390d23717ffc12004fdf754df4084ff23d7be65130205b865926e','user','2024-05-24 15:15:49',NULL,'Umbelina.MC.Martins@azores.gov.pt',NULL),(347,'Maria de Lurdes Gonçalves Azevedo Mendes','59886fe3e4a390d23717ffc12004fdf754df4084ff23d7be65130205b865926e','user','2024-05-24 15:15:49',NULL,'Maria.LG.Mendes@azores.gov.pt',NULL),(348,'Ana Paula Marques Sousa Cecílio','59886fe3e4a390d23717ffc12004fdf754df4084ff23d7be65130205b865926e','user','2024-05-24 15:15:49',NULL,'Ana.PM.Cecilio@azores.gov.pt',NULL),(349,'Maria Luísa Baldaya da Câmara do Rego Botelho Raulino','59886fe3e4a390d23717ffc12004fdf754df4084ff23d7be65130205b865926e','user','2024-05-24 15:15:49',NULL,'Maria.LB.Raulino@azores.gov.pt',NULL),(350,'Ana Cristina Faria da Silva','59886fe3e4a390d23717ffc12004fdf754df4084ff23d7be65130205b865926e','user','2024-05-24 15:15:49',NULL,'Ana.CF.Silva@azores.gov.pt',NULL),(351,'Eduarda Maria da Fonseca Gomes','59886fe3e4a390d23717ffc12004fdf754df4084ff23d7be65130205b865926e','user','2024-05-24 15:15:49',NULL,'Eduarda.MF.Gomes@azores.gov.pt',NULL),(352,'Lília de Fátima Amorim','59886fe3e4a390d23717ffc12004fdf754df4084ff23d7be65130205b865926e','user','2024-05-24 15:15:49',NULL,'Lilia.F.Amorim@azores.gov.pt',NULL),(353,'Diogo António Toste Fortuna','59886fe3e4a390d23717ffc12004fdf754df4084ff23d7be65130205b865926e','user','2024-05-24 15:15:49',NULL,'Diogo.AT.Fortuna@azores.gov.pt',NULL),(354,'Maria de Fátima Dias Gomes','59886fe3e4a390d23717ffc12004fdf754df4084ff23d7be65130205b865926e','user','2024-05-24 15:15:49',NULL,'Fatima.D.Gomes@azores.gov.pt',NULL),(355,'Ana Cristina Borges Parreira','59886fe3e4a390d23717ffc12004fdf754df4084ff23d7be65130205b865926e','user','2024-05-24 15:15:49',NULL,'Ana.CB.Parreira@azores.gov.pt',NULL),(356,'Maria de Fátima Cota Cardoso Godinho','59886fe3e4a390d23717ffc12004fdf754df4084ff23d7be65130205b865926e','user','2024-05-24 15:15:49',NULL,'Maria.FC.Godinho@azores.gov.pt',NULL),(357,'Isilda Manuela Teixeira Fagundes Borges','59886fe3e4a390d23717ffc12004fdf754df4084ff23d7be65130205b865926e','user','2024-05-24 15:15:49',NULL,'Isilda.MT.Borges@azores.gov.pt',NULL),(358,'Lígia Maria da Silva dos Santos','59886fe3e4a390d23717ffc12004fdf754df4084ff23d7be65130205b865926e','user','2024-05-24 15:15:49',NULL,'Ligia.MS.Santos@azores.gov.pt',NULL),(359,'Carla Alexandra Rocha da Silva','59886fe3e4a390d23717ffc12004fdf754df4084ff23d7be65130205b865926e','user','2024-05-24 15:15:49',NULL,'Carla.AR.Silva@azores.gov.pt',NULL),(360,'Ana Maria Benevides Couto Simões','59886fe3e4a390d23717ffc12004fdf754df4084ff23d7be65130205b865926e','user','2024-05-24 15:15:49',NULL,'Ana.MB.Simoes@azores.gov.pt',NULL),(361,'Maria João da Silva Rosa','59886fe3e4a390d23717ffc12004fdf754df4084ff23d7be65130205b865926e','user','2024-05-24 15:15:49',NULL,'Maria.JS.Rosa@azores.gov.pt',NULL),(362,'Guida de Fátima Simas Aguiar Dias','59886fe3e4a390d23717ffc12004fdf754df4084ff23d7be65130205b865926e','user','2024-05-24 15:15:49',NULL,'Guida.FS.Dias@azores.gov.pt',NULL),(363,'Frederico Vaz Cardoso','59886fe3e4a390d23717ffc12004fdf754df4084ff23d7be65130205b865926e','user','2024-05-24 15:15:49',NULL,'Frederico.V.Cardoso@azores.gov.pt',NULL),(364,'Paula Maria Batista da Luz','59886fe3e4a390d23717ffc12004fdf754df4084ff23d7be65130205b865926e','user','2024-05-24 15:15:49',NULL,'Paula.MB.Luz@azores.gov.pt',NULL),(365,'Maria de Lurdes da Silva dos Santos Gomes','59886fe3e4a390d23717ffc12004fdf754df4084ff23d7be65130205b865926e','user','2024-05-24 15:15:49',NULL,'Maria.LS.Gomes@azores.gov.pt',NULL),(366,'Fernanda Maria de Castro da Silveira Aguiar','59886fe3e4a390d23717ffc12004fdf754df4084ff23d7be65130205b865926e','user','2024-05-24 15:15:49',NULL,'Fernanda.MC.Aguiar@azores.gov.pt',NULL),(367,'Lúcia de Lurdes Oliveira Tavares Santos','59886fe3e4a390d23717ffc12004fdf754df4084ff23d7be65130205b865926e','user','2024-05-24 15:15:49',NULL,'Lucia.LO.Santos@azores.gov.pt',NULL),(368,'Rui Miguel Sousa Arruda Dias Pacheco','59886fe3e4a390d23717ffc12004fdf754df4084ff23d7be65130205b865926e','user','2024-05-24 15:15:49',NULL,'Rui.MS.Pacheco@azores.gov.pt',NULL),(369,'Maria Lurdes Meneses Cabral','59886fe3e4a390d23717ffc12004fdf754df4084ff23d7be65130205b865926e','user','2024-05-24 15:15:49',NULL,'Maria.LM.Cabral@azores.gov.pt',NULL),(370,'Lúcia Conceição Brasil Rodrigues','59886fe3e4a390d23717ffc12004fdf754df4084ff23d7be65130205b865926e','user','2024-05-24 15:15:49',NULL,'Lucia.CB.Rodrigues@azores.gov.pt',NULL),(371,'Susana Borges Marcos','59886fe3e4a390d23717ffc12004fdf754df4084ff23d7be65130205b865926e','user','2024-05-24 15:15:49',NULL,'susana.marcos@azores.gov.pt',NULL),(372,'Susan Aida Freitas Sequeira','59886fe3e4a390d23717ffc12004fdf754df4084ff23d7be65130205b865926e','user','2024-05-24 15:15:49',NULL,'Susan.AF.Sequeira@azores.gov.pt',NULL),(373,'Maria do Natal Dias de Sales','59886fe3e4a390d23717ffc12004fdf754df4084ff23d7be65130205b865926e','user','2024-05-24 15:15:49',NULL,'Maria.ND.Sales@azores.gov.pt',NULL),(374,'Margarida Alexandra Martins da Silva Brasil','59886fe3e4a390d23717ffc12004fdf754df4084ff23d7be65130205b865926e','user','2024-05-24 15:15:49',NULL,'Margarida.AM.Brasil@azores.gov.pt',NULL),(375,'Maria Alexandra Moura dos Santos Garcia Leandro','59886fe3e4a390d23717ffc12004fdf754df4084ff23d7be65130205b865926e','user','2024-05-24 15:15:49',NULL,'Maria.AM.Leandro@azores.gov.pt',NULL),(376,'Olga Natal Tristão da Costa','59886fe3e4a390d23717ffc12004fdf754df4084ff23d7be65130205b865926e','user','2024-05-24 15:15:49',NULL,'Olga.NT.Costa@azores.gov.pt',NULL),(377,'Daniela Madeira Balsinhas de Ávila Gomes','59886fe3e4a390d23717ffc12004fdf754df4084ff23d7be65130205b865926e','user','2024-05-24 15:15:49',NULL,'Daniela.MB.Gomes@azores.gov.pt',NULL),(378,'Renata Bráz Silva Machado Costa','59886fe3e4a390d23717ffc12004fdf754df4084ff23d7be65130205b865926e','user','2024-05-24 15:15:49',NULL,'Renata.BS.Costa@azores.gov.pt',NULL),(379,'Mónica Maria Almeida da Silva','59886fe3e4a390d23717ffc12004fdf754df4084ff23d7be65130205b865926e','user','2024-05-24 15:15:49',NULL,'Monica.MA.Silva@azores.gov.pt',NULL),(380,'Filipa de Araújo Machado','59886fe3e4a390d23717ffc12004fdf754df4084ff23d7be65130205b865926e','user','2024-05-24 15:15:49',NULL,'Filipa.A.Machado@azores.gov.pt',NULL),(381,'João Pedro Rocha Pacheco','59886fe3e4a390d23717ffc12004fdf754df4084ff23d7be65130205b865926e','user','2024-05-24 15:15:49',NULL,'Joao.PR.Pacheco@azores.gov.pt',NULL),(382,'Carlos Roberto Vieira Pinheiro','59886fe3e4a390d23717ffc12004fdf754df4084ff23d7be65130205b865926e','user','2024-05-24 15:15:49',NULL,'Carlos.RV.Pinheiro@azores.gov.pt',NULL),(383,'Diogo Areias Pacheco','59886fe3e4a390d23717ffc12004fdf754df4084ff23d7be65130205b865926e','user','2024-05-24 15:15:49',NULL,'Diogo.A.Pacheco@azores.gov.pt',NULL),(384,'José Aurélio Dias Almeida','59886fe3e4a390d23717ffc12004fdf754df4084ff23d7be65130205b865926e','user','2024-05-24 15:15:49',NULL,'Jose.AD.Almeida@azores.gov.pt',NULL),(385,'Rui Miguel Mendes Espínola','59886fe3e4a390d23717ffc12004fdf754df4084ff23d7be65130205b865926e','user','2024-05-24 15:15:49',NULL,'Rui.MM.Espinola@azores.gov.pt',NULL),(386,'Ana Sofia Silva Ferreira Rico','59886fe3e4a390d23717ffc12004fdf754df4084ff23d7be65130205b865926e','user','2024-05-24 15:15:49',NULL,'Ana.SS.Rico@azores.gov.pt',NULL),(387,'Sónia Cristina Azevedo Costa Simas','59886fe3e4a390d23717ffc12004fdf754df4084ff23d7be65130205b865926e','user','2024-05-24 15:15:49',NULL,'Sonia.CA.Simas@azores.gov.pt',NULL),(388,'Ricardo Nuno Vieira Matias','59886fe3e4a390d23717ffc12004fdf754df4084ff23d7be65130205b865926e','user','2024-05-24 15:15:49',NULL,'Ricardo.NV.Matias@azores.gov.pt',NULL),(389,'Vasco Manuel Viegas Leonor','59886fe3e4a390d23717ffc12004fdf754df4084ff23d7be65130205b865926e','user','2024-05-24 15:15:49',NULL,'Vasco.MV.Leonor@azores.gov.pt',NULL),(390,'Geral DRD','59886fe3e4a390d23717ffc12004fdf754df4084ff23d7be65130205b865926e','user','2024-05-24 15:15:49',NULL,'drd@azores.gov.pt',NULL);
/*!40000 ALTER TABLE `users` ENABLE KEYS */;
UNLOCK TABLES;
/*!40103 SET TIME_ZONE=@OLD_TIME_ZONE */;

/*!40101 SET SQL_MODE=@OLD_SQL_MODE */;
/*!40014 SET FOREIGN_KEY_CHECKS=@OLD_FOREIGN_KEY_CHECKS */;
/*!40014 SET UNIQUE_CHECKS=@OLD_UNIQUE_CHECKS */;
/*!40101 SET CHARACTER_SET_CLIENT=@OLD_CHARACTER_SET_CLIENT */;
/*!40101 SET CHARACTER_SET_RESULTS=@OLD_CHARACTER_SET_RESULTS */;
/*!40101 SET COLLATION_CONNECTION=@OLD_COLLATION_CONNECTION */;
/*!40111 SET SQL_NOTES=@OLD_SQL_NOTES */;

-- Dump completed on 2024-05-24 16:33:02
